game_id,Abstract Games,Children's Games,Customizable Games,Family Games,Party Games,Strategy Games,Thematic Games,Wargames
224517,0,0,0,0,0,1,0,0
161936,0,0,0,0,0,1,1,0
174430,0,0,0,0,0,1,1,0
342942,0,0,0,0,0,1,0,0
233078,0,0,0,0,0,1,1,0
167791,0,0,0,0,0,1,0,0
291457,1,0,0,0,0,1,1,0
316554,0,0,0,0,0,1,0,0
115746,0,0,0,0,0,0,1,1
187645,0,0,0,0,0,0,1,0
162886,0,0,0,0,0,1,0,0
220308,0,0,0,0,0,1,0,0
182028,0,0,0,0,0,1,0,0
12333,0,0,0,0,0,1,0,1
193738,0,0,0,0,0,1,0,0
169786,0,0,0,0,0,1,0,0
84876,0,0,0,0,0,1,0,0
173346,0,0,0,0,0,1,0,0
167355,0,0,0,0,0,0,1,0
28720,0,0,0,0,0,1,0,0
246900,0,0,0,0,0,1,0,0
124361,0,0,0,0,0,1,0,0
177736,0,0,0,0,0,1,0,0
266507,0,0,0,0,0,0,1,0
266192,0,0,0,1,0,1,0,0
120677,0,0,0,0,0,1,0,0
205637,0,1,1,0,0,0,1,0
237182,0,0,0,0,0,1,0,1
312484,0,0,0,1,0,1,0,0
164928,0,0,0,0,0,1,0,0
199792,0,0,0,1,0,1,0,0
96848,0,0,0,0,0,1,1,0
183394,0,0,0,0,0,1,0,0
341169,0,0,0,0,0,1,0,0
251247,0,0,0,0,0,1,0,0
324856,0,0,0,1,0,0,0,0
175914,1,0,0,0,0,1,0,0
192135,0,0,0,0,0,1,1,0
285774,0,0,1,0,0,0,0,0
256960,0,0,0,0,0,1,0,0
3076,0,0,0,0,0,1,0,0
247763,0,0,0,0,0,1,0,0
102794,0,0,0,0,0,1,0,0
170216,0,0,0,0,0,1,0,0
185343,0,0,0,0,0,1,0,0
31260,0,0,0,0,0,1,0,0
295947,1,0,0,1,0,0,0,0
184267,0,0,0,0,0,1,0,0
314040,0,0,0,0,0,1,1,0
221107,0,0,0,0,0,1,1,0
205059,0,0,0,0,0,0,1,0
521,0,0,0,1,0,0,0,0
276025,0,0,0,0,0,1,0,0
126163,0,0,0,0,0,1,0,0
255984,0,0,0,0,0,0,1,0
284378,0,0,0,0,0,1,0,0
2651,0,0,0,0,0,1,0,0
161533,0,0,0,0,0,1,0,0
284083,0,0,0,1,0,0,0,0
216132,0,0,0,0,0,1,0,0
244521,0,0,0,1,0,0,0,0
35677,0,0,0,0,0,1,0,0
164153,0,0,0,0,0,0,1,0
266810,0,0,0,0,0,1,0,0
125153,0,0,0,0,0,1,0,0
209010,0,0,0,0,0,1,1,0
55690,0,0,0,0,0,0,1,0
182874,0,0,0,0,0,1,0,0
124742,0,0,1,0,0,0,0,0
230802,1,0,0,1,0,0,0,0
72125,0,0,0,0,0,1,0,0
28143,0,0,0,0,0,1,0,0
253344,0,0,0,0,0,0,1,0
191189,0,0,0,0,0,1,0,0
201808,0,0,0,1,0,1,0,0
200680,0,0,0,0,0,1,0,0
157354,0,0,0,0,0,1,0,0
25613,0,0,0,0,0,1,0,0
366013,0,0,0,1,0,0,0,0
159675,0,0,0,0,0,1,0,0
229853,0,0,0,0,0,1,0,0
110327,0,0,0,0,0,1,0,0
121921,0,0,0,0,0,0,1,0
171623,0,0,0,0,0,1,0,0
295770,0,0,0,0,0,1,1,0
62219,0,0,0,0,0,1,0,0
68448,0,0,0,1,0,1,0,0
317985,0,0,0,0,0,1,0,0
231733,0,0,0,0,0,1,1,0
180263,0,0,0,0,0,0,1,0
264220,0,0,0,0,0,0,1,0
236457,0,0,0,0,0,1,1,0
93,0,0,0,0,0,1,0,0
279537,0,0,0,0,0,1,1,0
37111,0,0,0,0,0,0,1,0
122515,0,0,0,0,0,1,0,0
18602,0,0,0,0,0,1,0,0
225694,0,0,0,0,1,0,0,0
170042,0,0,0,0,0,1,0,0
172386,0,1,0,0,0,1,0,0
155821,0,0,0,0,0,1,0,0
40834,0,0,0,0,0,1,0,0
42,0,0,0,0,0,1,0,0
73439,0,0,0,0,0,1,0,0
203993,0,0,0,0,0,1,0,0
146021,0,0,0,0,0,0,1,0
269385,0,0,0,0,0,1,1,0
163068,0,0,0,0,0,1,0,0
12493,0,0,0,0,0,1,1,0
144733,0,0,0,0,0,1,0,0
163412,1,0,0,1,0,0,0,0
102680,0,0,0,0,0,1,0,0
205896,0,0,0,0,0,1,0,0
218417,0,0,0,0,0,1,0,0
36218,0,0,0,0,0,1,0,0
281259,0,0,0,1,0,0,0,0
256916,0,0,0,0,0,1,0,0
233371,0,0,0,0,0,1,0,0
175640,0,0,0,0,0,1,0,0
178900,0,0,0,0,1,0,0,0
198928,0,0,0,0,0,1,0,0
172287,0,0,0,0,0,1,0,0
4098,0,0,0,0,0,1,0,0
132531,0,0,0,0,0,1,0,0
175155,0,0,0,0,0,1,0,0
196340,0,0,0,0,0,1,0,0
43015,1,0,0,0,0,1,0,0
266524,0,0,0,1,0,0,0,0
263918,0,0,0,1,0,0,0,0
217372,0,0,0,1,0,0,0,0
310873,0,0,0,0,0,1,0,0
30549,0,0,0,1,0,1,0,0
262712,0,0,0,0,0,1,0,0
274364,0,0,0,0,0,1,0,0
118048,0,0,0,0,0,1,0,0
271055,0,0,0,0,0,1,0,0
127023,0,0,0,0,0,1,0,0
2511,0,0,0,0,0,0,1,0
161970,0,0,0,0,0,1,0,0
233398,0,0,0,0,0,1,0,0
271324,0,0,0,0,0,1,0,0
147020,0,0,0,0,0,1,0,0
308765,0,0,0,0,0,1,0,0
220877,0,0,0,0,0,1,0,0
254640,0,0,0,0,1,0,0,0
146652,0,1,0,0,0,0,1,0
34635,0,0,1,1,0,1,0,0
14996,0,0,0,1,0,0,0,1
328871,0,1,0,0,0,1,0,0
103885,0,0,1,0,0,0,1,1
77423,0,1,1,0,0,0,0,1
233867,0,0,1,1,0,0,0,0
148949,0,0,0,1,0,1,0,0
296151,0,0,0,0,0,1,0,0
283948,0,0,0,0,0,1,0,0
82222,0,0,0,0,0,1,1,0
244522,0,0,0,1,0,0,0,0
265188,0,0,0,0,0,1,0,0
463,0,0,1,0,0,0,0,0
304783,0,1,0,0,0,1,0,0
189932,0,0,0,0,0,1,0,1
268864,0,0,0,0,0,0,0,1
43111,0,0,0,0,0,1,1,0
54043,0,0,0,1,0,0,0,0
9609,0,0,0,0,0,0,1,1
249259,1,0,0,0,0,0,0,0
329082,0,0,0,0,0,1,0,0
188920,0,0,0,0,0,0,1,0
287954,1,0,0,1,0,0,0,0
104162,0,0,0,0,0,0,1,0
12,0,0,0,0,1,1,0,0
10630,0,0,0,0,0,0,0,1
282524,0,0,0,1,0,0,1,0
209418,0,0,0,0,0,1,0,0
39463,0,0,0,0,0,1,1,0
17133,0,0,0,0,0,1,0,0
128882,0,0,0,0,1,0,0,0
155426,0,0,0,0,0,1,0,0
294484,0,0,0,0,0,1,0,0
199561,1,0,0,1,0,0,0,0
70149,0,0,0,0,0,1,0,0
103343,0,0,0,0,0,1,0,0
291453,0,0,0,1,0,0,0,0
31627,0,0,0,1,0,0,0,0
150376,0,0,0,0,0,0,1,0
25021,0,0,0,0,0,0,0,1
14105,0,0,0,0,0,0,0,1
123260,0,0,0,0,1,1,0,0
242302,0,0,0,1,0,0,0,0
227224,0,0,0,0,0,1,0,0
104006,0,0,0,0,0,1,0,0
171131,0,0,0,0,1,0,1,0
283355,0,0,0,0,0,1,1,0
188,1,0,0,0,0,0,0,0
221194,0,0,0,0,0,1,0,0
235802,0,0,0,0,0,1,1,0
148228,0,0,0,1,0,0,0,0
21050,0,0,0,0,0,0,0,1
271896,0,0,0,0,0,0,1,0
195421,0,0,0,0,0,0,1,0
182631,0,1,0,0,0,1,0,0
245638,0,0,0,0,0,1,0,0
300531,0,0,0,0,0,1,1,0
126042,0,0,0,0,0,1,0,0
283155,1,0,0,1,0,0,0,0
215,0,0,0,0,0,1,1,0
822,0,0,0,1,0,0,0,0
293014,1,0,0,1,0,1,0,0
91,0,0,0,0,0,0,0,1
118,0,0,0,0,0,1,0,0
306735,0,0,0,0,0,1,0,0
310100,0,0,0,0,0,0,1,0
7854,1,0,0,0,0,0,0,0
314491,0,0,0,1,0,1,0,0
9209,0,0,0,1,0,0,0,0
54998,0,0,0,1,0,1,0,0
285967,0,1,0,0,0,1,0,0
146886,0,0,0,0,0,1,0,0
224037,0,0,0,1,0,0,0,0
188834,0,0,0,0,1,0,0,0
318977,0,0,0,1,0,0,0,0
295486,0,0,0,1,0,1,0,0
129437,0,1,0,0,0,0,1,0
156129,0,0,0,0,1,0,0,0
176189,0,0,0,0,0,0,1,0
158600,0,0,0,1,0,0,0,0
232832,0,0,0,1,0,1,0,0
269207,0,0,1,1,0,1,0,0
109276,0,0,0,0,0,1,0,0
223321,0,0,0,0,0,0,1,0
169426,0,0,0,0,0,1,0,0
227935,0,0,0,0,0,1,0,0
555,0,0,0,0,0,1,0,0
241451,0,0,0,0,0,1,1,0
199478,0,0,0,1,0,0,0,0
239188,0,0,0,0,0,0,1,0
192291,0,0,0,1,0,0,0,0
9216,0,0,0,0,0,1,0,0
339789,0,0,0,1,0,0,1,0
274637,0,0,0,0,0,1,0,0
194655,1,0,0,0,0,0,0,0
176494,0,0,0,1,0,1,0,1
19857,0,0,0,0,0,1,0,0
228341,0,0,0,0,0,1,0,0
198994,0,0,1,0,0,1,0,0
223040,0,0,0,1,0,0,0,0
20551,0,0,0,0,0,1,0,0
421,0,0,0,0,0,1,0,0
31481,0,0,0,0,0,0,1,0
364073,0,0,0,0,0,1,0,0
146508,0,0,0,0,0,0,1,0
165722,0,0,0,1,1,0,0,0
27708,0,0,0,0,0,1,0,0
3,0,0,0,0,0,1,0,0
128621,0,0,0,0,0,1,0,0
27833,0,0,0,0,0,1,0,0
350184,0,0,0,0,0,1,0,0
300322,0,0,0,0,0,1,0,0
140620,0,0,0,0,0,1,0,0
232405,0,0,0,0,0,0,1,0
260605,0,0,0,1,1,0,0,0
286096,0,0,1,0,0,1,0,0
127060,0,0,0,0,0,1,0,0
277659,0,0,0,0,0,0,1,0
155068,0,0,0,0,0,0,1,0
204583,0,0,0,1,0,0,0,0
305096,0,0,0,0,0,1,0,0
224783,0,0,0,0,0,1,0,0
251661,0,0,0,0,0,0,1,0
144344,0,0,0,0,0,1,0,0
760,0,0,0,0,0,1,0,0
92828,0,0,0,0,1,0,0,0
302723,0,0,0,0,0,0,1,0
108745,0,0,0,0,0,1,0,0
24181,0,0,0,0,0,1,0,0
206718,0,0,0,0,0,1,0,0
176734,0,0,0,0,0,1,0,0
155873,0,0,0,0,0,1,0,0
246784,0,0,0,0,0,1,0,0
2655,1,0,0,0,0,0,0,0
66589,0,0,0,0,0,1,0,0
97207,0,0,0,0,0,1,1,0
299659,0,0,0,0,1,1,0,0
316377,0,0,0,1,0,1,0,0
19777,0,0,0,0,0,1,0,0
22545,0,0,0,0,0,1,0,0
311193,0,0,0,0,0,1,0,0
139976,0,1,0,0,0,1,1,0
187617,0,0,0,0,0,0,1,0
38453,0,0,0,0,0,0,1,0
244271,0,0,0,1,0,0,0,0
160477,1,0,0,0,0,0,0,0
181279,0,0,0,0,0,1,1,0
230253,0,0,0,0,0,1,0,0
154203,0,0,0,0,0,1,0,0
46213,0,1,0,0,1,0,0,0
156546,0,0,0,0,1,0,0,0
298047,0,0,0,1,0,0,0,0
143693,0,0,0,0,0,1,0,0
93260,0,1,1,0,0,1,0,0
54138,0,0,0,0,0,1,0,0
59294,0,0,0,0,0,1,1,0
48726,0,0,0,0,0,1,0,0
227789,0,0,0,0,0,1,0,0
257499,0,0,0,0,0,0,1,0
13122,0,0,0,0,0,1,0,0
203420,1,0,0,1,0,0,1,0
209685,0,0,0,1,0,0,0,0
54,0,0,0,0,0,1,0,0
163967,0,0,0,0,0,1,0,0
136888,0,0,0,0,0,1,0,0
2653,0,0,0,1,0,0,0,0
291572,0,0,0,0,0,1,1,0
222509,0,0,0,0,0,1,0,0
129622,0,0,1,1,0,0,0,0
258779,0,0,0,0,0,1,0,0
172081,0,0,0,1,0,0,1,0
193037,0,0,0,0,0,0,1,0
184921,0,0,0,1,0,0,0,0
245655,1,0,0,0,0,0,1,0
366161,0,0,0,1,0,1,0,0
188866,0,0,0,1,0,0,0,0
270633,0,0,0,0,0,1,0,0
5,0,0,0,0,0,1,0,0
172818,0,0,0,0,0,0,1,0
140934,0,0,0,1,0,0,0,0
172,0,0,0,1,0,0,0,0
40692,0,0,0,1,0,1,0,0
50,0,0,0,1,0,0,0,0
285192,0,0,0,0,0,0,1,0
297562,0,0,0,0,0,1,0,0
323612,0,0,0,0,0,1,0,1
45315,0,0,0,0,0,1,0,0
304420,0,0,0,0,0,1,0,0
146439,0,0,0,0,0,0,0,1
25292,0,0,0,0,0,0,1,0
111341,0,0,0,0,0,1,0,0
77130,0,0,0,0,0,1,0,0
234277,0,0,0,0,0,1,0,0
256680,0,0,0,0,0,0,1,0
176920,0,0,0,0,0,1,0,0
219513,0,0,0,1,0,0,0,0
297030,0,0,0,0,0,1,0,0
21241,0,0,0,0,0,1,0,0
59959,0,0,0,0,0,1,1,0
39856,0,0,0,0,1,0,0,0
234,0,0,0,0,0,0,0,1
181304,0,0,0,1,0,0,1,0
199042,0,0,0,0,0,0,1,0
70919,0,0,0,1,0,0,0,0
319966,0,0,0,0,0,1,0,1
47,0,0,0,0,0,1,0,0
163745,0,0,0,0,0,0,1,1
37046,0,0,0,0,0,1,0,0
119890,0,0,0,1,0,1,0,0
192458,0,0,0,0,0,1,0,0
41114,0,0,0,0,1,0,0,0
234487,0,0,0,0,0,1,0,0
101721,0,0,1,0,0,0,0,0
63888,0,0,0,0,0,1,0,0
128271,0,0,0,0,0,1,0,0
246192,0,0,0,1,0,1,0,0
8217,0,0,0,0,0,1,0,0
295374,0,0,0,1,0,0,0,0
90137,0,0,0,0,0,0,1,0
318184,0,0,0,0,0,1,0,0
244711,0,0,0,0,0,1,0,0
25554,0,0,0,0,0,1,0,0
39683,0,0,0,0,0,1,0,0
250458,0,0,0,0,0,1,0,0
245934,0,0,0,0,0,1,0,0
24480,0,0,0,0,0,1,0,0
155987,0,0,0,0,0,1,0,0
284653,0,0,0,0,0,1,0,0
150145,0,0,0,1,0,0,0,0
318084,0,0,0,0,0,1,0,0
182134,0,0,0,0,0,1,0,0
269210,0,0,0,1,0,0,0,0
9217,0,0,0,0,0,1,0,0
1,0,0,0,0,0,1,0,0
301880,0,0,0,0,0,1,0,0
240980,0,0,0,0,1,0,0,0
260428,0,0,0,0,0,1,0,0
215311,0,0,0,1,0,0,0,0
40354,0,0,0,0,0,0,0,1
33160,0,0,0,0,0,1,0,0
17392,0,0,0,0,0,0,0,1
195539,0,0,0,0,0,1,0,0
70323,0,0,0,1,0,0,0,0
277085,0,0,0,1,1,0,0,0
31594,0,0,0,0,0,1,0,0
21348,0,0,0,1,0,1,0,0
262211,0,0,0,0,0,1,0,0
365717,0,0,0,1,0,1,0,0
265736,0,0,0,1,0,0,0,0
144592,0,0,0,0,0,1,0,0
256226,1,0,0,1,0,0,1,0
372,0,0,0,1,0,0,0,0
236191,0,0,0,0,0,1,0,0
202426,0,0,0,0,0,1,0,0
166669,0,0,0,0,0,1,0,0
71,0,0,0,0,0,1,0,0
15987,0,0,0,0,0,0,1,0
336986,0,0,0,1,0,0,0,0
194594,0,0,0,1,0,0,0,0
329839,0,0,0,0,1,0,0,0
198773,0,0,0,0,1,0,0,0
246684,0,0,0,0,0,1,0,0
170771,0,0,0,0,0,0,1,0
204305,0,0,0,0,0,0,1,0
154809,0,0,0,0,1,1,0,0
40765,0,0,0,0,0,1,0,0
251658,0,0,0,1,0,0,0,0
161614,0,0,0,0,0,1,0,0
351913,0,0,0,0,0,1,0,0
229220,0,0,0,0,0,1,0,0
54625,0,0,0,0,0,0,1,0
92415,0,0,0,0,1,0,0,0
138161,0,0,0,0,0,0,1,0
186751,0,0,0,0,0,1,0,0
121,0,0,0,0,0,1,1,0
36932,0,0,0,0,0,0,1,0
128671,0,1,0,0,0,0,1,0
66188,0,0,0,1,0,1,0,0
55670,0,0,0,0,0,1,0,0
260180,1,0,0,1,0,0,0,0
243,0,0,0,0,0,0,0,1
124708,0,0,0,0,0,0,1,0
34219,0,0,0,1,0,1,0,0
63628,0,0,0,0,0,1,0,0
274638,0,0,0,0,0,1,0,0
298069,0,0,0,1,0,0,0,0
215341,0,0,0,0,0,1,0,0
262543,0,0,0,0,1,0,0,0
332800,0,0,1,0,0,1,0,0
258210,0,0,0,0,0,0,0,1
100901,0,0,0,1,0,0,1,0
151347,0,0,0,0,0,0,1,0
27162,0,0,0,1,0,1,0,0
293141,0,0,0,1,0,0,0,0
171,1,0,0,0,0,0,0,0
270844,0,0,0,0,0,1,0,1
66362,0,0,0,0,0,1,0,0
96913,0,0,0,0,0,1,0,0
256730,0,0,0,0,0,1,0,0
11170,0,0,1,0,0,0,1,0
79828,0,0,0,0,0,1,0,1
332772,0,0,1,0,0,1,0,0
18833,0,0,0,0,0,1,0,0
176396,0,0,0,1,0,0,0,0
192153,0,0,0,0,0,1,1,0
274960,0,0,0,1,0,0,0,0
150,0,0,0,1,1,0,0,0
364011,0,0,0,0,0,1,0,0
264241,1,0,0,1,0,0,0,0
156858,0,0,0,0,0,0,1,0
325494,0,0,0,0,0,0,1,0
194607,0,0,0,0,0,1,0,0
169427,0,0,0,0,0,0,1,0
137408,0,0,0,0,0,1,0,0
290236,0,0,0,1,0,0,0,0
25417,0,0,0,0,0,0,1,1
197376,0,0,0,0,0,1,0,0
62222,0,0,0,0,0,0,0,1
233312,0,0,0,1,0,0,1,0
343905,0,0,0,0,0,1,0,0
150658,0,0,0,1,0,1,0,0
284742,0,0,0,1,0,1,0,0
322289,0,0,0,0,0,1,0,0
5404,0,0,0,0,0,1,0,0
15985,0,0,0,0,0,0,1,0
105134,0,0,0,0,0,1,0,0
158899,0,0,0,1,0,0,0,0
226522,1,0,0,1,0,0,1,0
269144,0,0,0,0,0,1,0,0
157969,0,0,0,1,1,0,0,0
205398,0,0,0,1,0,1,0,0
712,0,0,0,0,0,1,1,0
146791,0,0,0,0,0,0,1,1
336382,0,0,0,1,0,0,0,0
478,0,0,0,1,0,1,0,0
136063,0,0,0,1,0,0,0,0
162082,0,0,0,0,0,1,0,0
83330,0,0,0,0,0,0,1,0
20437,0,0,0,0,0,1,1,0
144189,0,0,0,0,0,0,0,1
232414,0,0,0,0,0,1,0,0
17226,0,0,0,0,0,0,1,0
98778,0,0,0,1,0,0,0,0
15062,0,0,0,0,0,0,1,0
12942,0,0,0,1,0,0,0,0
128996,0,0,0,0,0,0,0,1
240196,0,0,0,0,0,0,1,0
62227,0,0,0,0,0,1,0,1
43570,0,0,0,0,0,1,0,0
193042,0,0,0,1,1,0,0,0
256952,0,1,0,1,0,0,0,0
177639,0,0,0,0,0,1,0,0
216600,0,0,0,1,0,1,0,0
17405,0,0,0,0,0,1,0,0
175095,0,0,0,0,0,0,1,0
13,0,0,0,1,0,1,0,0
180974,0,0,0,1,0,0,0,0
191862,0,0,0,1,0,0,0,0
245654,0,0,0,1,0,0,0,0
262215,0,0,0,0,0,1,0,0
11,0,0,0,1,0,0,0,0
119506,0,0,0,0,0,1,1,0
315767,0,0,0,0,0,1,0,0
303057,0,0,0,0,0,1,0,0
247367,0,0,0,0,0,1,0,1
21790,0,0,0,1,0,1,0,0
97786,0,0,0,1,0,1,0,0
206480,0,0,0,0,0,1,0,1
144797,0,0,0,0,0,1,0,0
206941,0,0,0,0,0,1,0,0
322708,0,0,0,0,0,0,1,0
156009,0,0,1,1,0,0,0,0
65781,0,0,0,0,0,1,0,0
239942,0,0,0,0,0,1,0,0
142379,0,0,0,0,0,1,0,0
105551,0,0,0,0,0,1,0,0
171668,0,0,0,0,0,0,1,0
9674,1,0,0,0,0,0,0,0
95527,0,0,0,0,0,1,0,0
252328,0,0,1,0,0,0,0,1
31999,1,0,0,0,0,0,0,0
221965,0,0,0,1,0,0,0,0
125618,0,0,0,0,0,1,0,0
36553,0,0,0,0,1,0,0,0
127398,0,0,0,0,0,0,1,0
6249,0,0,0,1,0,1,0,0
90419,0,0,0,1,0,1,0,0
276182,0,0,0,0,0,1,0,0
18,0,0,0,0,0,1,1,0
220,0,0,0,1,0,0,0,0
147949,0,0,0,0,1,0,0,0
163968,0,0,0,0,0,1,0,0
875,0,0,0,0,0,1,0,0
91312,0,0,0,0,0,0,1,0
290359,0,0,0,0,0,0,0,1
123123,0,0,0,0,0,1,0,0
133848,0,0,0,0,0,1,0,0
177478,0,0,0,0,0,1,0,0
31730,0,0,0,0,0,1,0,0
133473,0,0,0,1,0,0,0,0
245961,0,0,0,0,0,1,0,0
284189,0,0,0,0,0,1,0,0
102652,0,0,0,0,0,0,1,0
27173,0,0,0,0,0,1,0,0
97842,0,0,0,0,0,1,0,0
196326,0,0,0,1,1,0,0,0
153938,0,0,0,1,0,0,0,0
284435,1,0,0,0,0,0,0,0
292375,0,0,0,0,0,1,0,0
345584,0,0,0,1,0,1,0,0
58421,0,0,0,0,0,1,0,0
181530,0,0,0,0,0,0,1,0
232043,0,0,0,1,0,0,0,0
183251,0,0,0,1,0,0,0,0
42052,0,0,0,0,0,1,0,0
265402,0,0,0,0,0,1,0,0
84419,0,0,0,0,0,0,0,1
170561,0,0,0,1,0,1,0,0
22827,0,0,0,0,0,1,1,0
475,0,0,0,0,0,1,0,0
34119,0,0,0,0,0,0,1,0
128780,0,0,0,0,0,1,0,0
28023,0,0,0,1,0,0,0,0
27746,0,0,0,1,0,1,0,0
117959,0,0,0,1,0,0,0,0
133038,0,0,0,0,0,0,1,0
151022,0,0,0,0,0,1,1,0
503,1,0,0,0,0,1,0,0
283393,0,0,0,0,0,1,0,0
15363,0,0,0,0,0,0,1,1
248490,0,0,0,0,0,1,0,0
2346,1,0,0,0,0,0,0,0
192836,0,0,0,0,0,1,0,0
141572,0,0,0,1,0,1,0,0
159508,0,0,0,0,0,1,0,0
4390,0,0,0,1,0,0,0,0
172308,0,0,0,1,0,1,0,0
338834,0,0,0,1,0,0,0,0
350316,0,0,0,0,0,1,0,0
318182,0,0,0,0,0,1,0,0
264055,0,0,0,1,0,0,0,0
42215,0,0,0,1,0,0,0,0
345972,0,0,0,1,0,0,0,0
280794,0,0,0,0,0,0,1,0
216734,0,0,0,1,0,0,0,0
130960,0,0,0,0,0,0,0,1
39351,0,0,0,0,0,1,0,0
155703,0,0,0,0,0,1,0,0
9625,0,0,0,0,0,1,0,0
193949,0,0,0,0,0,0,1,1
269511,0,0,0,0,0,1,0,0
39938,0,0,0,0,0,1,0,0
356033,0,0,0,1,0,1,0,0
205359,0,0,1,0,0,0,0,0
270673,0,0,0,1,0,0,0,0
160010,0,0,0,0,0,0,1,0
140603,0,0,0,0,0,1,0,0
3685,0,0,0,0,0,0,0,1
131357,0,0,0,0,1,0,0,0
266830,0,0,0,0,0,1,0,0
170624,0,0,0,0,0,1,0,0
6472,0,0,0,0,0,1,0,1
135219,0,0,0,0,0,0,1,1
42776,0,0,0,0,0,0,1,0
340466,0,0,0,0,0,0,1,0
212445,0,0,0,0,0,0,1,0
266121,0,0,0,0,0,0,1,0
218603,1,0,0,1,0,1,0,0
316412,0,0,0,0,0,1,0,0
356123,0,0,0,0,0,1,0,0
143519,0,0,0,0,0,1,0,0
113924,0,0,0,0,0,0,1,0
30869,0,0,0,1,0,0,0,0
374173,0,0,0,0,0,1,0,0
286751,0,0,0,0,0,0,1,0
111799,0,0,0,0,0,0,0,1
169255,0,0,1,0,0,0,0,0
328565,0,0,0,1,0,1,0,0
332686,0,0,0,0,0,1,1,0
183562,0,0,1,0,0,0,0,0
5782,0,0,0,1,0,0,0,0
325635,0,0,0,0,0,1,0,0
242705,0,0,0,0,0,0,1,0
432,0,0,0,1,0,0,0,0
224710,0,0,0,0,0,0,1,0
190082,0,0,0,0,0,1,0,0
10547,0,0,0,0,0,0,1,0
699,0,0,0,0,0,0,1,0
174785,0,0,0,0,0,1,0,1
37904,0,0,0,1,0,0,1,0
119432,0,0,0,0,0,1,0,0
46,0,0,0,0,1,1,0,0
355093,0,0,0,0,0,1,0,0
198953,0,0,0,0,0,1,0,0
24508,1,0,0,0,0,1,0,0
1353,0,0,0,0,1,0,0,0
244115,0,0,0,0,0,1,0,0
163166,0,0,0,0,1,0,0,0
257501,0,0,1,0,0,0,0,0
293296,0,0,0,1,0,0,0,0
209778,0,0,0,1,0,0,0,0
1513,0,0,0,0,0,1,0,0
121408,0,0,0,0,0,1,0,0
13004,0,0,0,1,0,0,0,0
357563,0,0,0,1,0,0,0,1
296912,0,0,0,0,0,1,0,0
171499,0,0,0,1,0,0,0,0
180511,0,0,0,0,0,1,0,0
308119,0,0,0,0,0,1,0,0
107529,0,0,0,1,0,1,0,0
3201,0,0,0,0,0,1,0,0
350933,0,0,0,1,0,1,0,0
552,0,0,0,0,0,1,0,0
21763,0,0,0,0,0,1,0,0
258036,0,0,0,1,0,1,0,0
50750,0,0,0,0,0,1,0,0
58281,0,0,1,0,0,0,0,0
318009,0,0,0,0,0,1,0,0
100423,0,0,0,0,0,0,1,0
271518,0,0,0,1,0,0,0,0
73171,1,0,0,0,0,0,1,0
30380,0,0,0,0,0,1,0,0
135779,0,0,0,0,1,0,0,0
300300,0,0,0,0,0,0,1,0
70512,0,0,0,0,0,1,0,0
88,1,0,0,0,0,1,0,0
153016,0,0,0,0,1,0,0,0
113294,0,0,0,1,0,0,0,0
336794,0,0,0,1,0,0,1,0
121288,0,0,0,0,1,0,0,0
233247,0,0,0,0,0,1,0,0
2398,1,0,0,1,0,0,0,0
203416,1,0,0,0,0,0,1,0
150997,0,0,0,0,0,0,1,1
126792,0,0,0,0,0,1,0,0
163839,0,0,0,0,0,1,0,0
134726,0,0,0,1,0,1,0,0
193558,0,0,0,0,0,1,0,0
307002,0,0,0,1,0,1,0,0
213893,0,0,0,0,0,1,0,0
132018,0,0,0,0,0,1,0,1
306040,0,0,0,0,0,1,0,0
2955,0,0,0,0,0,1,0,0
242639,0,0,0,1,0,0,1,0
231581,0,0,0,0,0,1,0,0
154825,0,0,0,0,0,1,0,0
304051,0,0,0,1,0,0,0,0
87890,0,0,0,0,0,1,0,0
123540,0,0,0,1,0,0,0,0
284760,0,0,0,1,0,0,0,0
69789,0,0,0,0,0,1,0,0
244114,0,0,0,0,0,1,0,0
65532,0,0,0,0,0,0,1,0
20963,0,0,0,0,0,1,1,0
283864,0,0,0,1,0,0,0,0
160495,0,0,0,0,0,1,0,0
29603,0,0,0,0,0,0,0,1
283863,0,0,0,0,0,1,0,0
173064,0,0,0,0,0,1,1,0
146278,1,0,0,0,0,1,0,0
165401,0,0,0,0,0,1,0,0
256999,0,0,0,0,0,0,1,0
168584,0,0,0,1,0,0,0,0
218074,0,0,0,0,0,0,1,0
270970,0,0,0,1,0,1,0,0
155624,0,0,0,0,0,1,1,0
311988,0,0,0,0,0,1,1,0
296237,0,0,0,0,0,1,0,0
7717,0,0,0,1,0,1,0,0
116998,0,0,0,0,0,1,0,0
156336,0,0,0,1,0,1,0,0
298383,0,0,0,0,0,1,0,0
301255,0,0,0,0,0,1,0,0
226320,0,0,0,1,0,0,0,0
162007,0,0,0,1,0,1,0,0
214880,0,0,0,0,0,1,0,0
167400,0,0,1,0,0,0,0,0
71721,0,0,0,0,0,0,1,0
232219,1,0,0,1,0,0,0,0
281442,0,0,0,0,0,1,0,0
183840,0,0,0,0,0,1,0,0
72321,0,0,0,0,0,1,0,0
181521,0,0,0,0,0,0,1,0
143741,0,0,0,0,1,0,0,0
15364,0,0,0,0,0,1,0,0
273330,0,0,0,0,0,0,1,0
73761,0,0,0,1,0,0,1,0
249381,0,0,0,0,0,1,0,0
204472,0,0,0,0,0,0,1,0
9823,0,0,0,0,0,0,0,1
242574,0,0,0,1,0,0,0,0
346965,1,0,0,0,0,0,0,0
3307,0,0,0,0,0,1,0,1
22345,0,0,0,0,0,1,0,0
241724,0,0,0,1,0,0,0,0
483,0,0,0,0,0,1,0,0
55600,0,0,0,0,0,1,0,0
328866,0,0,0,0,0,0,1,1
20100,0,0,0,0,1,0,0,0
31563,0,0,0,0,0,0,1,0
143515,0,0,0,0,0,1,0,0
168435,0,0,0,1,0,0,0,0
349067,0,0,1,0,0,0,0,0
280480,0,0,0,0,0,1,0,0
256382,0,0,0,1,0,0,0,0
279613,0,0,0,0,0,0,1,0
214887,0,0,0,0,0,1,0,0
300877,0,0,0,1,0,0,0,0
68425,0,0,0,0,0,1,0,0
321608,0,0,0,0,0,1,0,0
180593,0,0,0,0,0,1,0,0
255692,0,0,0,0,0,1,0,0
202670,0,0,0,1,0,0,0,0
173442,0,0,0,0,0,1,0,1
244228,1,0,0,1,0,0,0,0
21882,0,0,0,1,0,1,0,0
220517,0,0,0,0,0,1,0,0
11825,0,0,0,0,0,0,0,1
201825,0,0,0,0,0,1,0,0
220520,0,0,0,0,0,1,0,0
47185,0,0,1,0,0,1,0,0
218333,0,0,0,1,0,0,0,0
192457,0,0,0,0,0,1,0,1
200147,0,0,0,1,0,0,0,0
156943,0,0,0,0,0,1,0,0
43528,0,0,0,0,0,1,0,0
284777,0,0,0,0,0,1,0,0
41,0,0,0,1,0,0,0,0
2163,0,0,0,0,0,0,1,1
162286,0,0,0,0,0,1,0,0
326494,0,0,0,1,0,0,1,0
169654,0,0,0,1,0,0,0,0
179803,0,0,0,0,0,0,1,0
2453,1,0,0,0,0,0,0,0
158435,0,0,0,0,0,1,0,0
586,0,0,0,0,0,0,0,1
244608,0,0,0,1,0,0,0,0
170416,0,0,0,0,0,1,1,0
256570,0,0,0,0,0,1,0,0
40628,0,0,0,1,0,0,0,0
36235,1,0,1,0,0,0,0,0
230244,0,0,0,0,0,1,0,0
328479,0,0,0,1,0,0,0,0
204516,0,0,0,0,0,0,0,1
137988,0,0,0,0,0,0,1,0
203417,1,0,0,1,0,0,1,0
237179,0,0,0,0,0,1,0,0
251678,0,0,0,1,0,0,0,0
306881,0,0,0,1,0,0,0,0
45,0,0,0,1,1,0,0,0
171273,0,0,0,1,0,0,0,0
198830,0,0,0,0,0,1,0,1
307305,0,0,0,1,0,0,0,0
51,1,0,0,0,0,0,0,0
131287,0,0,0,0,0,1,0,0
160499,0,0,0,1,0,0,0,0
218121,0,0,0,1,0,1,0,0
276498,1,0,0,0,0,0,0,1
26997,0,0,0,0,0,1,0,1
91872,0,0,0,0,0,0,1,0
181687,0,0,0,1,0,0,0,0
110277,0,0,0,0,0,1,0,0
179172,0,0,0,0,0,1,1,0
252153,0,0,0,1,0,1,0,0
1035,0,0,0,0,0,0,0,1
217780,0,0,0,0,0,1,0,0
348450,0,0,0,0,0,1,0,0
12002,0,0,0,0,0,1,0,0
161417,0,0,0,1,0,0,0,0
337765,0,0,0,0,0,1,0,0
218479,0,0,0,0,0,1,0,0
346703,0,0,0,1,0,0,0,0
191051,0,0,0,0,0,1,0,0
197443,0,0,0,1,0,0,0,0
156566,0,0,0,0,0,1,0,0
194879,0,0,0,0,0,1,0,0
30957,0,0,0,0,0,1,0,0
15512,0,0,0,1,0,0,0,0
79127,0,0,0,0,0,0,1,0
238799,0,0,0,0,0,1,0,0
117915,0,0,0,0,0,1,1,0
30645,0,0,0,0,0,1,0,0
175117,0,0,0,1,0,0,0,0
179275,0,0,0,0,0,0,1,0
41002,0,0,0,0,0,1,0,0
176165,0,0,0,1,0,1,0,0
38996,0,0,0,0,0,0,0,1
163602,0,0,0,0,0,0,1,0
1465,0,0,0,1,0,0,0,0
12962,0,0,0,0,0,1,0,0
28181,0,0,0,0,0,0,0,1
234671,0,0,0,0,0,1,0,0
177590,0,0,0,0,0,1,0,1
145659,0,0,0,0,0,1,0,0
227460,0,0,0,0,0,0,0,1
299047,0,0,0,1,0,0,0,0
275467,0,0,0,1,0,0,0,1
16747,0,0,0,1,1,0,0,0
528,1,0,0,0,0,0,0,0
244331,1,0,0,1,0,0,0,0
103886,0,0,1,0,0,0,0,0
148729,0,0,0,0,0,1,1,0
266164,0,0,0,0,0,1,0,0
361545,0,0,0,0,0,1,0,0
24800,0,0,0,0,0,0,0,1
8125,0,0,0,0,0,1,0,0
254386,0,0,0,1,0,1,0,0
12891,0,0,0,0,0,0,0,1
262941,0,0,0,0,0,1,0,0
122298,0,0,1,1,0,0,0,0
256788,0,0,0,0,1,0,0,0
214029,0,0,0,0,0,1,0,0
228328,0,0,0,0,0,1,0,0
18098,0,0,0,0,0,0,0,1
277700,0,0,0,0,0,1,0,0
158889,0,0,1,0,0,0,0,0
285984,0,1,0,0,0,1,0,0
137269,0,0,0,0,0,1,0,0
119788,0,0,0,0,0,1,0,0
12902,0,0,0,1,0,1,0,0
65244,0,0,0,1,0,0,0,0
253499,0,0,0,0,0,1,0,0
234477,0,0,0,0,0,1,0,1
216459,0,0,0,0,0,0,1,0
91514,0,1,0,1,0,0,0,0
166384,0,0,0,0,1,0,0,0
264052,0,0,0,0,0,1,0,0
113997,0,0,0,0,1,0,1,0
56692,0,0,0,1,0,0,0,0
94,0,0,0,0,0,1,0,0
26990,0,0,0,0,0,1,0,0
148575,0,0,1,0,0,0,0,0
272739,0,0,0,0,0,1,0,0
155362,0,0,0,0,1,0,0,0
244992,0,0,0,1,1,0,0,0
129948,0,0,0,0,0,1,0,0
318560,0,0,0,0,0,1,0,0
53953,0,0,0,0,0,1,1,0
195137,0,0,0,0,0,0,1,0
37380,0,0,0,1,0,1,0,0
299684,0,0,0,0,0,1,1,0
35570,0,0,0,0,0,1,0,0
1041,0,0,0,0,0,1,0,0
219215,0,0,0,0,1,0,0,0
131260,0,0,0,1,0,0,0,0
139898,0,0,0,0,0,1,0,0
154458,0,0,0,0,0,1,0,0
329465,0,0,0,0,0,1,0,0
29368,0,0,0,0,0,0,1,0
177678,0,0,0,0,0,1,0,0
173,0,1,1,0,0,0,1,0
291845,0,0,0,0,0,1,0,0
295895,0,0,0,0,0,1,1,0
2093,1,0,0,0,0,0,1,0
98229,0,0,0,0,1,0,0,0
223953,0,0,0,1,0,0,1,0
315610,0,0,0,0,0,0,1,0
198740,0,0,0,0,1,0,0,0
245643,0,0,0,1,0,0,0,0
267319,0,0,0,1,0,0,0,0
196526,0,0,0,0,0,1,0,0
248065,0,0,0,1,0,1,1,0
329551,0,0,0,0,0,1,0,0
239472,0,0,0,0,0,1,1,0
1345,0,0,0,0,0,1,0,0
132028,0,0,0,0,0,0,0,1
82421,0,0,1,0,0,1,0,0
317457,0,1,0,0,0,1,1,0
41066,0,0,0,0,0,1,0,1
2181,1,0,0,0,0,1,0,0
238992,0,0,0,0,0,0,1,0
239464,0,0,0,1,0,0,0,0
26566,0,0,0,0,0,1,0,0
270314,0,0,0,1,0,0,0,0
224597,0,0,1,0,0,0,0,0
9440,0,0,0,0,0,1,0,0
904,0,0,0,1,0,1,0,0
335764,0,0,0,0,0,1,0,0
148319,0,0,0,0,0,1,1,0
160851,0,1,0,1,0,0,0,0
108906,0,0,0,0,0,1,1,0
294612,0,0,0,0,0,0,1,0
316546,0,0,0,1,0,0,0,0
231218,0,0,0,0,0,1,0,0
172047,0,0,0,0,0,0,1,0
195560,0,0,0,0,0,1,1,0
235488,0,0,0,1,0,0,0,0
272738,0,0,0,0,0,0,1,0
202408,0,0,0,0,0,1,1,0
156689,0,0,0,0,0,0,1,0
281655,0,0,0,0,0,1,1,0
13642,0,0,0,0,0,1,0,0
284818,0,0,0,0,0,1,0,0
59946,0,0,0,0,0,0,1,0
197405,1,0,0,0,0,0,0,0
98351,0,0,0,0,0,1,0,0
27976,0,0,1,0,0,0,1,0
331787,0,0,0,0,0,1,1,0
151004,0,0,0,0,0,1,0,0
8051,0,0,0,0,0,1,0,0
210296,0,0,0,0,0,0,1,0
66356,0,0,0,0,0,0,1,0
201921,0,0,0,0,0,1,0,0
25669,1,0,0,1,0,0,0,0
27588,0,0,0,1,0,0,0,0
38054,0,0,0,1,0,0,0,0
491,0,0,0,1,0,1,0,0
199966,0,0,0,0,0,1,0,0
240,0,0,0,0,0,0,0,1
193214,0,0,0,1,0,0,0,0
245487,1,0,0,0,0,0,0,0
242804,0,0,0,0,0,1,0,0
207830,0,0,0,1,0,0,0,0
147151,0,0,0,0,1,0,0,0
191977,0,0,0,0,0,1,0,0
108784,0,0,0,0,0,1,0,0
203427,0,0,0,1,0,0,0,0
82420,0,0,1,0,0,1,0,0
298065,0,0,0,1,0,1,0,0
112,0,0,0,0,0,1,0,0
52461,0,0,0,0,0,1,1,0
65901,0,0,0,0,0,1,0,0
233262,0,0,0,0,0,1,0,0
249277,0,0,0,0,0,1,0,0
106217,0,0,0,0,0,1,0,0
334065,0,0,0,1,0,0,0,0
125678,0,0,0,0,0,0,1,0
212402,0,0,0,1,0,0,0,0
271601,0,0,0,0,1,0,0,0
154086,0,0,0,0,0,1,0,0
228504,0,0,0,1,0,0,1,0
169124,0,0,0,1,0,0,1,0
291508,0,0,0,0,0,1,0,0
295564,0,0,0,0,0,1,0,0
353288,0,0,0,1,0,0,0,0
370913,0,0,0,1,0,1,0,0
195314,0,0,0,1,0,0,0,0
351040,0,0,0,0,1,0,0,0
66056,0,0,0,0,0,1,0,0
227515,0,0,0,0,0,1,0,0
15817,0,0,0,1,0,0,0,0
554,0,0,0,0,0,1,0,0
19600,0,0,0,0,0,1,0,0
66505,0,0,0,0,0,1,0,0
171669,0,0,0,0,0,1,0,0
182340,0,0,0,0,0,1,0,0
95064,0,1,0,0,0,1,0,0
347703,0,0,0,1,0,1,0,0
224,0,0,0,0,0,1,1,1
180680,0,0,0,1,0,1,0,0
281466,0,0,0,0,1,1,0,0
174570,0,1,0,0,0,0,1,0
244654,0,0,0,0,0,1,0,0
218509,0,0,0,0,0,1,0,0
254708,0,0,0,0,0,0,1,0
157403,0,0,0,1,0,0,0,0
161882,0,0,0,0,0,1,0,0
1382,0,0,0,1,0,0,0,0
204027,0,0,0,1,0,0,0,0
242684,0,0,0,0,0,1,0,0
178336,0,0,0,1,0,1,0,0
290484,0,0,0,0,0,0,1,0
359438,0,0,0,0,0,1,0,0
270971,0,0,0,1,0,1,0,0
939,0,0,0,0,0,0,1,0
164949,0,0,0,0,0,1,0,1
230080,0,0,0,1,0,0,0,0
72287,0,0,0,0,0,1,0,0
279254,0,0,0,0,0,1,0,0
276894,1,0,0,1,0,0,0,0
207243,0,0,0,0,0,1,1,0
200077,0,0,0,0,0,1,0,0
8203,1,0,0,1,0,0,0,0
318553,0,0,0,1,0,0,0,0
200954,0,0,0,0,0,1,0,0
141517,0,0,0,0,0,1,0,0
11971,0,0,0,0,1,0,0,0
207691,0,0,0,0,0,1,0,0
104710,0,0,0,0,0,0,1,0
150999,0,0,0,0,0,1,0,0
241266,0,0,0,1,0,0,0,0
229892,0,0,0,0,0,1,0,0
168917,0,0,0,0,0,1,0,0
177524,0,1,0,1,0,0,0,0
253284,0,0,0,1,0,0,0,0
75449,0,0,0,1,0,1,0,0
69779,0,0,0,0,0,1,0,1
163154,0,0,0,0,0,0,0,1
156776,0,0,1,0,0,0,0,0
172931,0,1,0,0,0,0,0,0
40793,0,0,0,1,0,0,0,0
158275,0,0,1,0,0,0,0,0
191300,0,0,0,1,0,0,0,0
270239,0,0,0,0,0,1,1,0
131646,0,0,0,0,0,1,1,0
161866,0,0,0,0,0,0,1,0
185589,0,0,0,0,0,1,0,0
127518,0,0,0,0,0,0,0,1
157809,0,0,0,1,0,1,0,0
165838,0,0,0,0,0,0,1,0
300905,0,0,0,0,1,0,0,0
217449,1,0,0,1,0,0,0,0
217861,0,0,0,0,0,1,0,0
300217,0,0,0,0,0,1,0,0
72225,0,0,0,0,0,1,0,0
338760,0,0,0,0,0,1,0,0
823,0,0,0,0,0,0,1,0
208024,0,0,0,0,0,0,1,0
194517,0,0,0,0,0,1,0,0
299960,0,0,0,0,0,1,0,0
256589,0,0,0,0,0,1,1,0
191231,0,0,0,1,0,1,0,0
35497,0,0,0,1,0,1,0,0
359609,0,0,1,0,0,0,0,0
23540,0,0,0,0,0,1,0,0
130176,0,0,0,1,0,0,0,0
104363,0,0,0,0,0,1,1,0
25568,0,0,0,0,0,1,0,0
153065,0,0,0,1,0,0,0,0
223770,0,0,0,1,1,0,0,0
681,1,0,0,0,0,0,0,0
314503,0,0,0,1,0,0,0,0
176371,0,0,0,0,0,1,0,0
171233,0,0,0,0,0,1,0,0
6830,1,0,0,1,0,0,0,0
338957,0,0,0,1,0,1,0,1
136991,0,0,0,1,0,0,0,0
1822,0,0,0,0,0,0,0,1
160018,0,0,0,1,0,1,0,0
245476,0,0,0,1,0,0,0,0
146312,0,1,0,1,0,0,0,0
198454,0,0,0,0,1,0,0,0
134352,0,0,0,0,1,0,0,0
21523,0,0,0,0,0,0,1,0
22825,0,0,0,0,0,0,0,1
223750,0,0,0,1,0,1,0,0
60,0,0,0,0,0,1,0,0
85897,0,0,0,0,0,1,1,0
194880,0,0,0,1,0,0,0,0
35052,0,0,0,0,0,0,0,1
122522,0,0,0,1,0,1,0,0
45986,0,0,0,0,0,1,0,0
97903,0,0,0,1,0,0,0,0
1301,0,0,1,0,0,0,0,0
16992,1,0,0,1,0,0,0,0
55427,0,0,0,0,0,1,0,0
233571,0,0,1,0,0,0,0,1
306481,0,0,0,0,0,1,0,0
91536,0,0,0,0,0,1,0,0
299169,0,0,0,0,1,0,0,0
1608,0,0,0,0,0,0,0,1
222514,0,0,0,0,0,0,1,0
221,0,0,0,0,0,0,1,1
18100,0,0,0,0,0,1,0,0
261114,0,0,0,1,0,0,0,0
228855,0,0,0,0,0,0,1,0
230933,0,0,0,0,0,1,0,0
300327,0,0,0,0,0,1,0,0
181796,0,0,0,0,0,1,0,0
252526,0,0,0,0,1,0,0,0
145639,0,1,0,1,0,0,0,0
309630,0,0,0,0,0,1,0,0
142326,0,0,0,1,0,1,0,0
37628,0,0,0,0,0,1,0,0
287084,0,0,0,1,0,1,0,0
175199,0,0,0,0,0,1,0,0
24068,0,0,0,0,1,0,0,0
89409,0,0,0,0,0,1,0,0
17329,0,1,0,0,0,0,0,0
229265,0,0,0,0,0,1,0,0
276042,0,0,0,1,0,0,0,0
176544,0,0,0,0,0,1,0,0
551,0,0,0,0,0,0,0,1
297129,0,0,0,1,0,0,0,0
152162,0,0,0,1,0,0,0,0
135382,0,0,0,1,0,0,1,0
206051,0,0,0,0,1,0,0,0
271529,0,0,0,1,0,0,0,0
318983,0,0,0,0,0,1,0,0
37836,0,0,0,0,0,0,0,1
141423,0,0,0,0,0,1,1,0
159473,0,0,0,0,0,1,0,1
145371,0,0,0,0,0,1,0,0
205597,0,0,0,1,0,1,0,0
163642,0,0,0,0,0,1,0,0
164265,0,0,0,0,1,0,1,0
234669,0,0,0,0,0,0,1,0
71671,0,0,0,0,0,1,1,0
241590,0,0,0,1,0,0,0,0
327,0,1,0,1,0,0,0,0
67492,0,0,0,0,0,0,1,1
206931,0,0,0,1,0,0,0,0
5737,0,0,0,0,0,1,0,0
183571,0,0,0,0,0,0,1,0
346501,0,0,0,1,0,1,0,0
207336,0,0,0,1,0,0,0,0
273477,0,0,0,1,0,0,0,0
271869,0,0,0,1,0,0,0,0
251412,0,0,0,1,0,0,0,0
216092,0,0,0,0,0,0,1,0
278,0,0,1,0,0,1,0,0
1634,0,0,0,0,0,0,1,0
244049,0,0,0,0,0,1,0,0
91080,0,0,0,0,0,0,0,1
156091,0,0,0,0,0,0,1,0
94246,0,0,0,0,0,1,0,1
183880,0,0,0,0,0,0,1,0
104020,0,0,0,0,0,1,0,0
129736,0,0,0,0,1,0,0,0
353545,0,0,0,1,0,0,0,0
833,0,0,0,0,0,0,0,1
95103,0,0,0,0,0,0,1,0
44163,0,0,0,0,0,1,0,0
295607,0,0,0,1,0,0,0,0
305682,0,0,0,1,0,0,0,0
293889,0,0,0,1,0,0,0,0
197070,0,0,0,0,0,0,1,0
124,0,0,0,0,0,1,0,0
143884,0,0,0,1,0,0,0,0
301767,0,0,0,1,0,0,1,0
68264,0,0,0,0,0,0,0,1
173090,0,0,0,1,0,0,0,0
232918,0,0,0,0,0,0,1,0
128721,0,0,0,0,0,1,0,0
221318,0,0,0,0,0,1,0,0
154246,0,0,0,1,0,1,0,0
27364,0,0,0,0,0,1,0,0
340041,0,0,0,1,0,0,0,0
182694,0,0,0,0,0,0,1,0
354,0,0,0,0,0,1,0,0
184151,0,0,1,0,0,0,0,0
8989,0,0,0,0,0,1,0,0
213266,0,0,0,1,0,0,0,0
257518,0,0,0,0,0,0,1,0
140933,0,0,0,1,0,0,0,0
121410,0,0,0,1,0,0,0,0
195162,0,0,0,0,0,1,0,0
34084,0,0,0,1,0,1,0,0
226520,0,0,0,0,1,0,1,0
342848,0,0,0,0,0,0,1,0
329845,0,0,0,1,1,0,0,0
151007,0,0,1,0,0,0,1,0
8045,0,0,0,0,0,1,0,0
244536,0,0,0,0,0,0,1,0
137297,0,0,0,1,0,0,0,0
82168,0,0,0,0,0,1,1,0
105,0,0,0,1,0,1,0,0
17396,0,0,0,0,0,0,0,1
13823,0,0,0,1,0,1,0,0
137649,0,0,0,0,0,1,1,0
187377,0,0,0,0,0,1,0,0
171879,0,0,0,0,0,1,0,0
343562,0,0,0,0,0,1,1,0
173101,0,0,0,0,0,1,0,1
22141,0,0,0,1,0,1,0,0
1115,0,0,0,0,0,1,0,0
300753,0,0,0,0,1,0,0,0
256606,0,0,0,1,0,0,0,0
527,1,0,0,0,0,0,0,0
121297,0,0,0,0,0,1,0,0
281194,0,0,0,1,0,0,0,0
180899,0,0,0,0,0,1,0,0
230085,0,0,0,0,0,1,0,0
233961,0,0,0,1,0,0,0,0
126100,0,0,0,0,0,0,1,0
152470,0,0,0,0,0,1,1,0
30381,1,0,0,0,0,1,0,0
43443,0,0,0,1,0,0,0,0
102548,0,0,0,0,1,0,0,0
174660,0,0,1,1,0,0,0,0
192074,0,0,0,1,0,0,0,0
16395,1,0,0,0,0,0,0,0
204836,1,0,0,1,0,0,0,0
123955,0,0,0,0,0,0,0,1
35815,0,0,0,0,0,0,1,0
253608,0,0,0,0,0,1,0,0
325022,0,0,0,0,0,1,0,0
91873,0,0,0,0,0,1,0,0
247236,0,0,0,0,0,1,0,0
42910,0,0,0,0,0,1,0,0
159504,0,0,0,0,0,0,1,0
302098,0,0,0,0,0,0,1,0
147303,0,0,0,1,0,0,0,0
271319,0,0,0,1,0,0,0,0
66837,0,0,0,0,0,1,0,0
282954,0,0,0,1,0,1,0,0
50768,0,0,0,0,0,1,0,0
25643,0,0,0,0,0,1,0,0
240855,0,0,0,0,0,1,0,0
154386,0,0,0,1,0,0,0,0
242722,0,0,0,0,0,0,0,1
19100,0,0,0,0,0,1,0,0
299317,1,0,0,0,0,1,0,0
226518,1,0,0,1,0,0,0,0
218421,0,0,0,0,0,0,1,0
104347,0,0,0,1,0,1,0,0
164338,0,0,0,0,0,1,0,0
177802,0,0,0,1,0,1,0,0
188547,0,0,0,0,0,0,1,0
238638,0,0,0,0,0,1,0,0
12995,0,0,0,0,0,1,0,0
42452,0,0,0,1,0,1,0,0
39953,0,0,1,0,0,1,0,0
284936,1,0,0,0,0,1,0,0
855,0,0,0,0,0,1,0,0
165986,0,0,0,1,0,1,0,0
269595,0,0,0,1,0,0,0,0
38159,0,0,0,0,1,0,0,0
228660,0,0,0,0,0,0,1,0
160610,0,0,0,0,0,0,1,0
202583,0,0,0,0,0,1,0,0
1540,0,0,0,0,0,0,1,1
18258,0,0,0,0,0,1,0,0
149155,0,0,0,1,0,0,0,0
268201,0,0,0,1,0,0,0,0
223855,0,0,0,0,0,1,0,0
10,0,0,0,1,0,0,0,0
41916,0,1,0,1,0,0,0,0
25821,0,0,0,0,1,0,0,0
252752,0,0,0,0,0,1,0,0
113873,0,0,0,0,0,0,0,1
245422,0,0,0,0,1,0,0,0
131014,0,0,0,1,0,0,0,0
327711,0,0,0,0,0,0,0,0
157526,0,0,0,0,0,1,0,0
332386,0,0,0,0,0,1,0,0
191876,0,0,0,0,0,1,0,0
134253,0,0,0,0,0,0,1,0
4099,0,0,0,0,0,1,0,0
165872,0,0,0,0,0,0,0,1
302524,0,0,0,1,0,0,0,0
191597,0,0,0,1,0,1,0,0
1261,1,0,0,0,0,1,0,0
157001,0,0,0,0,0,1,0,0
83195,0,0,0,1,0,0,0,0
230,0,0,0,0,0,1,0,0
132372,0,0,0,1,0,1,0,0
85256,0,0,0,1,0,0,0,0
243759,0,0,0,0,0,0,1,0
16986,1,0,0,1,0,0,0,0
183006,0,0,0,1,0,0,0,0
257614,0,0,0,1,0,0,0,0
328908,0,0,0,1,0,0,1,0
302388,0,0,0,0,0,0,1,0
2507,0,0,0,0,0,1,0,0
23094,0,0,0,0,0,1,0,0
1159,0,0,0,1,0,1,0,0
119591,0,0,0,0,0,1,0,1
61692,0,0,0,0,0,0,0,1
288169,0,0,0,1,0,0,0,0
314088,0,0,0,0,0,1,0,0
284108,0,0,0,1,1,0,0,0
310448,0,0,0,1,0,0,0,0
9220,0,0,0,1,1,0,0,0
111124,0,0,0,0,0,0,1,0
159503,0,0,0,0,0,1,1,0
826,0,0,0,1,0,0,0,0
224821,0,0,0,1,0,0,1,0
246761,0,0,0,1,0,0,0,0
219100,0,0,1,0,0,0,1,1
231484,0,0,0,1,0,0,0,0
264982,0,0,0,0,0,1,0,0
2842,0,0,0,1,0,0,0,0
143405,0,0,0,0,0,1,0,0
175324,0,0,0,0,0,0,1,0
60435,0,0,0,1,0,0,1,0
205716,0,0,0,0,0,1,0,0
7805,0,0,0,1,0,0,0,0
57390,0,0,0,0,0,0,1,0
202077,0,0,0,0,0,0,1,0
303553,0,0,0,1,0,0,0,0
370591,0,0,0,1,0,0,0,0
272453,0,0,1,0,0,0,0,0
296345,0,0,0,1,0,0,1,0
297978,0,0,0,1,0,0,0,0
332290,0,0,0,0,0,0,1,0
298371,0,0,0,1,0,0,0,0
255674,0,0,0,1,0,1,0,0
12495,0,0,0,0,0,1,0,0
163474,0,0,0,0,0,0,1,1
232988,0,0,0,1,0,0,0,0
53093,0,0,0,0,0,0,0,1
212516,0,0,0,0,0,1,0,0
206803,0,0,0,0,0,1,0,0
9203,0,0,0,0,0,0,1,1
301257,0,0,0,0,0,1,0,0
117985,0,0,0,1,0,1,0,0
38823,0,0,0,0,0,0,0,1
2338,0,0,0,0,0,1,0,0
219101,0,0,0,0,0,0,0,1
268620,0,0,0,1,0,0,0,0
326945,0,0,0,0,0,1,0,0
217085,0,0,0,1,0,0,0,0
291859,0,0,1,0,0,0,0,0
215841,1,0,0,0,0,0,1,0
272380,1,0,0,0,0,0,0,0
30618,0,0,0,0,1,0,0,0
362452,0,0,0,0,0,1,0,0
106,0,0,0,1,0,1,0,0
15126,0,0,0,0,0,0,0,1
312267,0,0,0,0,0,0,1,0
233020,0,0,0,1,0,0,0,0
103,0,0,0,0,0,0,1,1
1897,0,0,0,1,0,1,0,0
229491,0,0,0,0,0,1,0,0
134453,0,0,0,1,0,0,0,0
204505,0,0,0,1,0,0,0,0
200853,0,0,0,1,0,1,0,0
150312,0,0,0,1,1,0,0,0
394,1,0,0,0,0,0,0,0
199383,0,0,0,0,0,1,0,0
21441,0,0,0,0,0,1,0,0
199,0,0,0,1,0,0,0,0
340677,0,0,0,1,0,0,0,0
10640,0,0,0,0,0,0,1,0
180040,0,0,0,0,0,1,0,0
172385,0,0,0,0,0,1,0,0
127024,0,0,0,0,0,0,1,0
257769,0,0,0,1,0,0,0,0
105037,0,0,0,0,0,1,0,0
63268,0,0,0,0,1,0,0,0
295293,0,0,0,0,0,0,1,0
184424,0,0,0,0,0,1,0,0
281946,0,0,0,0,0,0,1,0
166226,0,0,0,0,0,1,0,0
159109,0,0,0,0,0,1,1,0
297985,0,0,0,0,0,1,0,0
15,0,0,0,0,0,1,1,0
302425,0,0,0,1,0,0,1,0
116,0,0,0,1,0,0,0,0
33604,0,0,0,0,1,0,0,0
244191,0,0,0,0,0,1,0,0
123570,0,0,0,1,1,0,0,0
254591,0,0,0,0,0,0,1,0
98527,0,0,0,0,0,0,1,0
216091,0,0,0,0,0,0,1,0
163413,0,0,0,0,0,1,0,0
322622,0,0,0,1,0,0,0,0
283294,0,0,0,0,0,1,1,0
272533,0,0,0,0,0,1,0,0
1403,0,0,0,1,0,0,0,0
39684,0,0,0,0,0,1,0,0
179460,0,0,0,0,0,1,0,0
244918,0,0,0,1,0,0,1,0
72991,0,0,0,1,0,1,0,0
151771,0,0,0,0,0,0,1,0
339958,0,0,0,0,0,1,0,0
256997,0,0,0,0,0,1,0,0
316858,0,0,0,0,1,1,0,0
205418,0,0,0,1,0,1,0,0
167513,0,0,0,0,0,1,0,0
113401,0,0,0,1,1,0,0,0
246663,1,0,0,0,0,1,0,0
225244,0,0,0,1,0,0,0,0
215842,1,0,0,1,0,0,1,0
22038,0,0,0,0,0,1,1,0
15818,0,0,0,1,0,0,0,0
333255,0,0,0,0,0,0,1,0
298102,0,0,0,0,0,0,1,0
342810,0,0,0,0,0,1,0,0
311715,0,0,0,0,0,0,1,0
878,0,0,0,1,0,0,0,0
227456,0,0,0,0,0,0,1,0
167270,1,0,0,0,0,0,0,0
271615,0,0,0,1,0,0,0,0
304285,0,0,0,1,0,0,0,0
340325,0,0,0,0,0,1,1,0
351526,0,0,0,1,0,1,0,0
362944,0,0,0,0,0,1,0,0
200057,0,0,0,0,0,1,0,0
291962,0,0,0,1,0,0,0,0
253214,0,0,0,0,0,0,1,0
254018,0,0,0,1,0,0,0,0
142992,0,0,0,1,0,0,0,0
206915,0,0,0,0,1,0,0,0
179572,0,0,0,1,0,1,0,0
42487,0,0,0,1,0,0,0,0
338628,0,0,0,1,0,0,0,0
5716,0,0,0,1,0,0,0,0
271088,0,0,0,1,0,1,0,0
287938,0,0,0,1,0,0,1,0
272682,0,0,0,0,0,1,0,0
300442,0,0,0,1,0,0,0,0
2122,0,0,1,0,0,0,0,0
223931,0,0,0,0,0,0,1,0
624,1,0,0,0,0,0,0,0
19999,1,0,0,0,0,1,0,0
254713,0,0,0,0,0,1,0,0
9446,0,0,1,0,0,1,0,0
196202,0,0,0,0,0,0,1,0
216201,0,0,0,0,0,1,0,0
139030,0,0,0,0,1,0,0,0
3284,0,0,0,0,0,0,1,0
313889,0,0,0,0,0,1,0,0
19237,0,0,0,0,1,0,0,0
29934,0,0,0,0,0,1,0,0
194690,0,0,0,1,0,0,0,0
94362,0,0,0,0,0,1,1,0
166857,0,0,0,0,0,1,0,0
142852,0,0,0,1,0,0,0,0
138431,0,0,0,0,0,1,1,0
2397,1,0,0,0,0,0,0,0
75165,0,0,0,0,0,1,0,0
176229,0,0,0,0,0,1,0,0
249746,0,0,0,0,0,1,1,0
66,0,0,0,0,0,1,0,0
244995,0,0,0,1,0,0,0,0
309110,0,0,0,1,0,1,0,0
191894,0,0,0,0,1,0,0,0
283317,0,0,0,0,0,0,1,0
175223,0,0,0,0,0,1,0,0
1231,0,0,0,1,1,0,0,0
37919,0,0,0,0,0,1,0,0
129051,0,0,0,0,0,1,0,0
146910,0,0,0,0,0,1,0,0
55829,0,0,0,0,0,0,0,1
299121,0,0,0,0,0,1,1,0
16496,0,0,0,0,0,1,0,0
902,0,0,0,0,0,1,0,0
369880,0,0,0,1,0,0,0,0
165950,0,0,0,1,0,0,0,0
6411,1,0,0,0,0,0,0,0
181810,0,0,0,1,0,0,0,0
196,0,0,0,0,0,1,1,0
169794,0,0,0,0,0,1,0,0
71836,0,0,0,1,0,0,0,0
438,0,0,0,1,0,0,0,0
492,0,0,0,1,0,1,0,0
223740,0,0,0,1,0,0,0,0
481,0,0,0,0,0,1,0,0
22877,0,0,0,0,0,0,0,1
341530,0,0,0,1,0,0,0,0
204,0,0,0,0,0,1,0,0
120523,0,0,0,0,0,0,1,0
255675,0,0,0,0,0,0,1,0
131366,0,0,0,1,0,1,0,0
194626,0,0,0,0,1,0,0,0
101785,0,0,0,0,0,0,1,1
205317,1,0,0,0,0,1,1,0
109125,0,0,0,0,0,1,0,0
335609,0,0,0,1,0,0,0,0
257527,0,0,0,0,1,0,0,0
131325,0,0,0,1,1,0,0,0
20542,0,0,0,0,0,0,0,1
18745,0,0,0,0,0,1,0,0
299252,0,0,0,0,1,0,0,0
21550,1,0,0,0,0,0,0,0
347137,0,1,0,1,0,0,0,0
24417,0,0,0,0,0,1,0,0
330038,0,0,0,1,0,0,0,0
148943,0,0,0,0,1,0,0,0
195544,0,0,0,1,0,1,0,0
22,0,0,0,0,0,1,1,0
166571,0,0,0,0,0,1,0,0
594,0,0,0,0,0,1,0,0
210232,0,0,0,0,0,0,1,0
1915,0,0,1,0,0,0,0,0
232595,0,0,0,0,0,1,0,0
339906,0,0,0,1,0,0,0,0
143175,0,0,0,0,0,1,0,0
24827,0,0,0,0,0,1,0,0
94104,0,0,0,0,0,1,0,0
201,1,0,0,0,0,0,0,0
3955,0,0,0,0,1,0,0,0
172381,0,0,0,0,0,1,0,0
1568,0,0,0,0,0,0,1,0
310192,0,0,0,1,0,0,0,0
300001,0,0,0,0,0,1,0,0
258444,0,0,0,1,0,0,0,0
285533,0,0,0,1,0,0,0,0
3072,0,0,0,0,0,0,1,1
298638,0,0,0,1,1,0,0,0
176083,0,0,0,0,0,0,1,0
246200,0,0,0,0,0,1,0,0
242,0,0,0,0,0,1,1,0
172220,0,0,0,0,0,1,1,0
281474,0,0,0,0,0,0,1,0
353470,0,0,0,1,0,0,0,0
268586,0,0,0,1,1,1,0,0
43022,0,0,0,0,0,1,0,0
116954,1,0,0,1,0,0,0,0
3228,1,0,0,0,0,0,0,0
252929,0,0,0,1,0,0,0,0
233678,1,0,0,1,0,0,0,0
57925,0,0,0,1,0,1,0,0
170604,0,0,0,0,0,1,0,0
115,0,0,0,1,0,1,0,0
181524,0,0,0,1,0,0,1,0
217398,0,0,0,0,0,1,0,0
7480,0,0,0,0,0,0,0,1
168,0,0,0,0,0,1,0,0
264198,0,0,0,0,0,0,1,0
367498,0,0,0,0,0,1,0,0
241477,0,1,0,1,0,0,0,0
312251,0,0,0,0,0,1,0,0
267127,0,0,0,0,0,1,0,0
29223,0,0,0,1,0,0,0,0
360265,0,0,0,0,0,1,0,0
13780,0,0,0,0,0,1,0,0
218530,0,0,0,0,1,0,0,0
2065,1,0,0,0,0,0,0,0
125548,0,0,0,0,0,1,0,0
285265,0,0,0,1,0,0,0,0
144041,0,0,0,0,0,1,0,0
171662,0,0,0,0,0,0,1,0
38713,0,0,0,0,1,0,0,0
40209,0,0,0,0,0,0,0,1
13884,0,0,0,0,0,1,0,0
143986,0,0,0,1,0,0,0,0
106662,0,0,0,0,0,1,0,0
214396,0,0,0,1,0,0,0,0
2987,0,0,0,1,0,0,0,0
156714,0,0,1,0,0,0,0,0
119,1,0,0,0,0,1,0,0
230267,0,0,0,0,0,1,0,0
38862,0,0,0,0,0,1,0,0
122294,0,0,0,0,0,1,0,0
230889,0,0,1,0,0,1,0,0
195043,0,0,0,1,0,0,0,0
323156,0,0,0,0,0,1,0,0
131111,0,0,1,0,0,1,0,0
38863,0,0,0,0,0,1,0,0
152,0,0,0,0,0,1,0,0
1829,0,0,0,0,0,0,0,1
929,0,0,0,0,1,0,0,0
192860,0,0,0,1,0,0,0,0
92319,0,0,0,0,0,1,0,0
193308,0,0,0,0,1,0,0,0
47055,0,0,0,0,0,1,1,0
102435,0,0,0,0,0,0,0,1
215840,1,0,0,0,0,0,1,0
195856,0,0,0,0,0,0,1,0
423,0,0,0,0,0,1,0,0
619,0,0,0,1,0,1,0,0
33451,0,0,0,0,1,0,1,0
34887,0,0,0,0,0,1,0,0
148951,0,0,0,0,0,1,0,0
245354,0,0,0,0,0,0,1,0
915,0,0,0,1,0,0,0,0
34194,0,0,0,1,0,0,0,0
240567,0,0,0,0,0,1,0,0
254192,0,0,0,0,0,0,1,0
313010,0,0,0,0,1,1,0,0
319910,0,0,1,0,0,1,0,0
363307,0,0,0,1,0,0,0,0
149776,0,0,0,0,0,1,1,0
22484,1,0,0,0,0,0,0,0
38343,0,0,0,0,0,1,0,0
187700,0,0,0,0,0,0,1,1
312318,0,0,0,1,0,0,0,0
39339,0,0,0,0,0,0,1,0
63170,0,0,0,0,0,1,0,0
58936,0,0,0,0,0,1,0,0
269603,0,0,0,1,0,0,0,0
367220,0,0,0,1,0,0,0,0
2081,0,0,0,0,0,0,0,1
274124,0,0,1,0,0,1,0,0
183231,0,0,0,1,0,0,0,0
331050,0,0,0,1,0,0,0,0
244916,0,0,0,1,0,0,0,0
306882,0,0,0,0,0,0,0,0
3097,0,0,0,0,0,1,0,0
103185,0,0,0,0,0,1,0,0
17223,0,0,0,0,0,0,1,0
5206,0,0,0,0,0,0,0,1
1198,1,0,0,1,0,0,0,0
276830,0,0,0,1,0,1,0,0
40270,0,0,1,0,0,1,0,0
248158,0,0,0,1,0,0,1,0
295785,0,0,0,0,0,1,0,0
26,0,0,0,0,0,1,0,0
14254,0,0,0,1,1,0,0,0
259298,0,0,0,0,0,1,0,0
31497,0,0,0,1,0,1,0,1
200511,0,0,0,0,0,1,0,0
90040,0,0,0,1,0,1,0,0
275913,0,0,0,0,0,1,0,0
41933,0,0,0,0,0,1,0,0
193728,0,0,0,0,0,0,0,1
12761,0,0,0,0,0,1,0,0
284584,0,0,0,0,0,1,0,0
10093,0,0,0,0,0,0,0,1
221769,0,0,0,0,0,1,1,0
310632,1,0,0,1,0,0,0,0
24773,0,0,0,0,0,1,0,0
1544,0,0,0,0,1,0,0,0
55697,0,0,0,0,0,1,0,0
270109,1,0,0,0,0,1,0,0
267813,0,0,0,0,0,0,1,1
220133,0,0,0,0,0,1,0,0
34297,1,0,0,1,0,0,0,0
3800,0,0,0,0,0,1,0,0
149951,0,0,0,0,0,0,0,1
222542,0,0,0,0,0,1,0,0
178054,0,0,0,0,0,1,1,0
99975,0,0,0,1,0,0,0,0
30658,1,0,0,0,0,1,0,0
283619,0,0,0,1,0,0,0,0
494,0,0,0,1,0,0,0,0
61487,0,0,0,0,0,0,0,1
253759,0,0,0,1,0,0,0,0
38545,1,0,0,0,0,0,1,0
225167,0,0,0,0,1,0,1,0
235014,0,0,0,0,0,1,0,0
123607,0,0,0,0,0,1,0,0
330608,0,0,0,0,0,1,0,0
1499,0,0,0,0,0,0,0,1
264647,0,0,0,0,0,1,0,0
157917,0,0,0,1,1,1,1,0
297486,0,0,0,0,0,1,0,0
226501,0,0,0,1,0,1,1,0
286537,0,0,0,0,0,0,1,0
232361,0,0,0,0,0,0,1,0
266966,0,0,0,0,0,0,0,0
98,0,0,0,0,0,0,0,1
8098,0,0,0,0,1,0,0,0
288513,0,0,0,1,0,0,0,0
168609,0,0,0,0,0,1,0,0
336929,1,0,0,1,0,0,0,0
260300,0,0,0,1,0,0,0,0
26457,0,0,0,0,0,0,0,1
165948,0,0,0,1,0,1,0,0
230303,0,0,0,1,0,0,1,0
318472,0,0,0,0,0,1,0,0
88827,1,0,0,0,0,0,0,1
208895,0,0,0,1,0,0,0,0
218804,0,0,0,0,0,1,0,0
73369,0,0,0,0,0,1,0,0
235555,0,0,0,0,0,1,0,0
147253,0,0,0,0,0,1,0,0
252446,0,0,0,0,0,1,0,0
701,0,0,0,0,0,0,0,1
302260,0,0,0,1,0,0,0,0
195571,0,1,0,0,0,0,1,0
96007,0,0,0,0,0,1,0,0
205046,0,0,0,1,0,0,0,0
6351,0,1,0,0,0,0,0,0
280453,0,0,0,0,0,1,0,0
158900,0,0,0,0,0,1,0,0
3565,0,0,0,0,0,0,1,1
206940,0,0,0,1,0,0,0,0
223215,0,0,0,1,0,0,0,0
8129,0,0,0,1,0,0,0,0
175307,0,0,0,1,0,0,0,0
180020,0,0,0,1,1,0,0,0
301716,0,0,0,0,0,1,0,0
282414,0,0,0,0,0,1,0,0
248861,1,0,0,0,0,0,0,0
359970,0,0,0,1,1,0,0,0
295262,0,0,0,0,0,0,0,1
361,0,0,0,1,0,0,0,0
354570,0,0,0,0,0,0,0,1
54137,1,0,0,0,0,0,0,0
280136,0,0,0,0,1,0,0,0
67877,0,0,0,0,1,0,0,0
316786,0,0,0,0,0,1,0,0
325555,0,0,0,0,0,0,0,0
138233,0,0,0,0,0,1,0,0
38718,0,0,0,0,0,0,0,1
171011,0,0,0,1,0,0,0,0
123499,0,0,0,0,0,1,0,0
244513,0,1,0,1,0,0,0,0
43868,0,0,0,1,0,0,1,0
811,0,0,0,1,0,0,0,0
325698,0,0,0,1,0,0,0,0
123239,0,0,0,0,1,0,0,0
21920,0,0,0,0,0,1,0,0
182189,0,0,0,1,0,0,0,0
24310,0,0,0,0,1,0,1,0
352697,0,0,0,0,0,0,0,1
46396,1,0,0,1,0,0,0,0
103092,0,0,0,0,0,1,0,0
111417,0,0,0,1,0,1,0,0
251551,0,0,0,0,0,0,0,0
274841,0,0,0,1,0,0,0,0
254,0,0,0,0,0,0,0,1
29937,0,0,0,0,0,1,0,0
986,0,0,0,0,0,1,0,0
172996,0,0,0,0,0,1,0,0
237,0,0,0,0,0,0,0,1
157413,0,0,0,0,0,1,0,0
163805,0,0,0,0,0,1,0,0
142079,0,0,0,0,0,0,1,0
12750,0,0,0,0,0,1,0,0
13308,0,0,0,1,0,0,0,0
329873,0,0,0,1,0,0,0,0
220792,0,0,0,0,0,1,0,0
4636,1,0,0,0,0,0,0,0
267271,0,0,0,0,0,1,0,0
332944,0,0,0,1,0,0,0,0
210274,0,0,0,0,0,1,0,0
139771,0,0,0,0,0,0,0,1
180199,0,0,0,0,0,0,0,1
136280,1,0,0,1,0,0,0,0
143185,0,0,0,0,0,1,0,0
8190,0,0,0,0,0,1,0,0
107255,0,0,0,1,0,1,0,0
328326,0,0,0,0,0,1,0,0
259081,0,0,0,1,0,0,0,0
22348,0,0,0,0,1,0,0,0
2251,0,0,0,0,0,1,1,0
145189,0,0,0,1,1,0,0,0
15511,1,0,0,1,0,0,0,0
2808,0,0,1,0,0,0,0,1
175293,0,0,0,1,0,0,0,0
269752,1,0,0,1,0,0,0,0
32125,0,0,0,1,0,0,0,0
5072,0,0,0,1,0,0,0,0
273703,0,0,0,0,0,0,1,0
269968,0,0,0,1,0,0,1,0
350736,0,0,0,1,0,0,0,0
282853,0,0,0,1,0,0,0,0
241831,0,0,0,1,0,1,0,0
35435,0,0,0,0,0,1,0,0
169611,0,0,0,1,0,0,0,0
2393,1,0,0,0,0,0,0,0
122842,0,0,0,0,0,1,1,0
363247,1,0,0,0,0,0,0,0
180592,0,0,0,0,0,1,0,0
70,0,0,0,1,0,1,0,0
275044,0,0,0,1,0,0,0,0
183284,0,0,0,0,0,1,0,0
57660,0,0,0,0,1,0,0,0
266083,0,0,0,1,0,0,0,0
248125,0,0,0,0,0,1,0,0
198487,0,0,0,0,0,0,0,0
4396,0,0,0,1,0,1,0,0
146816,0,0,0,1,0,0,0,0
27627,0,0,0,0,0,0,1,0
104955,0,0,0,0,0,1,0,0
272427,0,0,0,0,0,1,1,0
235375,1,0,0,1,0,0,0,0
91984,0,0,0,0,0,1,0,0
175549,0,0,0,0,1,0,0,0
41010,0,1,0,0,0,0,0,0
230305,0,0,0,1,0,0,1,0
112138,0,0,1,0,0,0,0,0
38386,0,0,0,0,0,1,0,0
124172,1,0,0,1,0,0,0,0
157096,0,0,0,0,0,1,0,0
146221,0,0,0,0,0,1,0,0
252399,1,0,0,0,0,1,0,0
28089,0,1,0,1,0,0,0,0
206084,0,0,0,0,0,1,0,0
171726,0,0,0,0,0,0,1,0
138649,0,0,1,0,0,0,0,0
205610,0,0,0,1,0,0,0,0
37907,0,0,0,0,0,1,0,0
71074,0,0,0,0,0,1,0,0
359152,0,0,0,1,0,0,0,0
293835,0,0,0,0,0,0,1,0
347013,0,0,0,1,0,0,0,0
298229,0,0,0,1,0,1,0,0
24742,0,0,0,0,0,1,0,0
37387,0,0,0,0,0,1,0,0
350458,0,0,0,0,0,1,0,0
19622,0,0,0,0,0,0,0,1
344258,1,0,0,0,0,0,0,0
180852,0,0,0,0,0,1,0,0
211716,0,0,0,0,0,0,1,0
35503,0,0,0,1,0,0,0,0
217083,1,0,0,0,0,0,0,0
324090,0,0,0,0,0,1,1,0
253618,0,0,0,1,1,0,0,0
42673,0,0,0,0,0,0,0,1
363369,0,0,0,0,0,1,0,0
160902,0,0,1,0,0,0,0,0
21551,0,0,0,0,0,0,0,1
1107,0,0,0,0,0,1,0,0
174078,0,0,0,1,0,0,0,0
730,0,0,0,0,0,0,0,1
1887,0,0,1,1,1,0,0,0
1662,0,0,1,0,0,0,0,1
228372,0,0,0,0,0,1,0,0
38992,0,0,0,0,0,1,0,0
202977,0,0,0,0,0,1,0,0
207572,0,0,0,0,0,0,0,1
1219,0,0,0,1,0,0,0,0
267609,0,0,0,0,0,0,0,0
295905,0,0,0,0,0,1,0,0
256320,0,0,0,1,0,0,0,0
113636,0,0,0,0,0,1,0,0
66510,0,0,0,0,0,0,1,0
269725,0,0,0,1,0,0,0,0
309105,1,0,0,1,0,0,0,0
223376,0,0,0,0,0,0,1,1
174837,0,0,0,0,0,1,0,0
238546,0,0,0,0,0,1,0,0
250881,0,0,0,0,0,1,0,0
398,0,0,0,1,0,1,0,0
37358,0,0,0,0,0,1,0,0
293678,0,0,0,0,0,1,0,0
230383,0,0,0,1,0,0,0,0
21133,0,0,0,0,0,0,1,1
157,0,0,0,0,0,1,0,0
338460,0,0,0,1,0,0,0,0
3931,0,0,0,0,0,1,0,0
63759,0,0,0,1,0,1,0,0
146418,0,0,1,0,0,0,0,1
155255,0,0,0,0,0,1,0,0
163370,0,0,0,1,0,1,0,0
284121,0,0,0,0,0,1,1,0
38765,0,0,0,0,0,1,0,0
196496,0,0,0,0,0,0,0,1
49,0,0,0,1,0,0,0,0
322656,0,0,0,0,0,1,1,0
335212,0,0,0,0,0,0,1,0
120,0,0,0,1,0,0,0,0
66588,0,0,0,1,1,0,0,0
214484,0,0,0,0,0,0,1,0
216632,0,0,0,0,0,1,0,0
285905,0,0,0,0,0,0,1,1
16267,0,0,0,1,0,0,0,0
526,1,0,0,0,0,0,0,0
238393,0,0,0,0,0,1,0,0
248005,0,0,0,0,0,1,0,0
1032,0,0,0,0,0,0,0,1
301919,0,0,0,1,0,0,0,0
145588,0,0,0,1,0,1,0,0
56931,0,0,0,0,0,1,0,0
6205,0,0,0,0,0,0,0,1
257732,0,0,0,0,0,1,0,0
240271,0,0,0,0,0,0,1,0
192945,0,0,0,0,0,1,0,0
24703,0,0,0,0,0,0,1,0
331401,0,0,0,1,0,0,0,0
6901,0,0,0,1,0,0,0,0
340,0,0,0,1,0,0,0,0
12477,0,0,0,0,0,0,1,0
195528,0,0,0,0,0,1,0,0
144529,0,0,0,0,0,1,0,0
85005,0,0,0,1,0,0,0,0
33154,0,0,0,1,0,0,0,0
245931,0,0,0,0,0,1,0,0
155695,0,0,0,1,0,0,0,0
281549,0,0,0,0,0,1,1,0
36648,0,1,0,1,0,0,0,0
261594,0,0,0,0,0,0,0,1
75358,0,0,0,0,0,1,0,0
267378,0,0,0,1,0,0,0,0
274450,0,0,0,0,0,0,1,0
157026,0,0,0,0,0,1,0,0
181345,0,1,0,1,0,0,0,0
300010,0,1,0,0,0,0,0,0
142961,0,0,0,0,0,1,1,0
127997,1,0,0,1,0,0,0,0
179303,0,0,0,0,0,1,0,0
136955,0,0,0,0,0,0,0,1
128667,0,0,0,1,0,0,0,0
342857,0,0,0,1,0,0,0,1
125752,0,0,0,0,0,1,1,0
300683,0,0,0,1,0,0,0,0
356414,0,0,0,1,0,1,0,0
253684,0,0,0,1,0,0,0,0
113289,0,0,0,0,1,0,0,0
128442,0,0,0,0,0,0,1,0
31105,0,0,0,1,0,0,0,0
218293,0,0,0,0,0,1,0,0
317434,0,0,0,0,0,0,1,0
309430,0,0,0,0,0,1,0,0
318546,0,0,0,1,0,0,0,0
73,0,0,0,1,0,1,0,0
174973,0,0,0,1,0,1,0,0
205125,0,1,0,0,0,0,0,0
28259,0,0,0,0,0,0,1,0
242653,0,0,0,0,0,1,0,0
232,0,0,0,0,0,1,0,0
155969,0,0,0,1,0,1,0,0
162009,0,0,0,0,0,0,0,1
259374,0,0,0,0,1,0,0,0
148203,0,0,0,1,1,0,0,0
337787,0,0,0,1,0,0,0,0
294514,0,0,0,1,0,0,0,0
168681,0,0,0,1,0,0,0,0
233208,0,0,0,0,0,0,0,1
85325,0,0,0,1,0,0,0,0
284778,0,0,0,0,0,0,0,0
243430,0,0,0,1,0,0,0,0
350205,0,0,0,0,0,1,0,0
118695,0,0,0,1,0,0,0,0
442,0,0,0,1,0,1,0,0
238656,0,0,0,0,0,1,0,0
216428,1,0,0,1,0,0,0,0
63543,0,0,0,0,0,0,1,1
73664,1,0,0,1,0,0,0,0
98918,0,0,0,0,0,0,1,0
34707,0,0,0,1,0,0,0,0
903,0,0,0,1,0,0,0,0
36522,0,0,0,0,0,1,0,1
22192,0,0,0,0,0,0,1,0
65564,0,0,0,0,0,0,0,1
181819,0,0,1,0,0,1,0,0
9441,0,1,0,1,0,0,0,0
168998,0,0,1,0,0,0,0,0
184824,0,0,0,0,0,0,1,1
17710,0,0,0,0,0,0,1,1
294702,0,0,0,0,0,1,0,0
143404,1,0,0,0,0,1,0,0
67239,0,0,0,0,0,1,0,0
1117,0,0,0,1,0,0,0,0
41863,0,0,0,0,0,0,0,1
134157,0,0,0,0,0,1,0,0
266967,0,0,0,0,0,0,0,0
118174,0,0,0,0,0,1,0,0
204135,0,0,0,1,0,0,0,0
27225,0,0,0,1,0,0,0,0
204184,0,0,0,0,0,0,0,1
84,0,0,0,0,0,0,0,1
140,0,0,0,1,1,0,0,0
169416,0,0,1,0,0,0,1,0
187273,0,0,0,0,0,0,1,0
198525,0,0,0,1,0,0,0,0
231696,0,0,0,1,0,0,0,0
592,0,0,0,1,0,0,0,0
220367,0,0,0,0,0,1,0,0
32412,0,0,0,1,0,0,0,0
23679,0,0,0,0,0,0,0,1
321277,0,0,0,0,0,1,0,0
120217,0,0,0,0,0,0,1,0
153507,0,0,0,1,0,1,0,0
215312,0,0,0,1,0,0,0,0
144239,0,0,0,0,0,1,0,0
193737,0,0,0,0,0,0,1,1
331106,0,0,0,0,0,0,1,0
249,0,0,0,1,0,1,0,0
180771,0,0,0,0,0,0,1,0
176558,0,0,0,0,1,0,0,0
21954,0,0,0,0,0,1,0,0
285775,0,0,1,0,0,1,0,0
34585,0,0,0,1,0,0,0,0
129459,0,0,0,0,0,0,1,0
303672,0,0,0,1,0,0,0,0
187653,0,0,0,0,0,1,0,0
277927,0,0,0,1,0,0,0,1
169318,0,0,0,1,0,1,0,0
9910,0,0,0,0,0,0,1,1
332321,0,0,0,0,0,0,1,0
198287,0,0,0,0,0,0,1,0
339484,0,0,0,1,0,0,0,0
236217,0,0,0,0,1,0,0,0
187680,0,0,0,1,0,1,0,0
37141,0,0,0,0,1,0,0,0
39217,0,0,0,0,0,0,0,1
222407,0,0,0,0,0,1,0,0
268012,0,0,0,0,0,0,1,0
320718,0,0,0,1,1,0,0,0
204574,0,0,0,0,0,1,0,0
12589,0,0,0,1,0,1,0,0
305985,0,0,0,1,0,0,0,0
7858,0,0,0,0,0,0,0,1
156496,0,0,0,0,0,1,0,0
472,0,0,0,0,0,0,1,0
189660,0,0,0,0,0,1,1,0
19526,0,0,0,0,0,1,0,0
