rank,geek_rating,game_id
1,8.48904,161936
2,8.30744,182028
3,8.22021,12333
4,8.15458,120677
5,8.15151,174430
6,8.15037,187645
7,8.08622,169786
8,8.06267,167791
9,8.02304,173346
10,8.00663,102794
11,7.99721,84876
12,7.9803,3076
13,7.96376,115746
14,7.96041,31260
15,7.93931,96848
16,7.92347,170216
17,7.9219,25613
18,7.89284,164153
19,7.86813,193738
20,7.86329,205059
21,7.86145,2651
22,7.85838,209010
23,7.85384,72125
24,7.8401,205637
25,7.83866,121921
26,7.82742,175914
27,7.81548,124742
28,7.8125,28720
29,7.81227,164928
30,7.80765,35677
31,7.79697,126163
32,7.78936,178900
33,7.78364,146508
34,7.77678,183394
35,7.76399,124361
36,7.74998,122515
37,7.74687,68448
38,7.72673,171623
39,7.723,18602
40,7.70802,146021
41,7.70671,150376
42,7.70491,12493
43,7.70113,177736
44,7.69242,163412
45,7.68593,62219
46,7.6841,110327
47,7.68402,28143
48,7.68296,157354
49,7.68277,132531
50,7.67408,93
51,7.66711,40834
52,7.66158,103885
53,7.63755,37111
54,7.63399,159675
55,7.60472,36218
56,7.60254,2511
57,7.59747,172386
58,7.59617,144733
59,7.59407,102680
60,7.59175,42
61,7.58639,194655
62,7.58506,30549
63,7.5785,73439
64,7.57244,104162
65,7.57058,521
66,7.57036,155426
67,7.55519,9609
68,7.54798,128882
69,7.54337,155068
70,7.5405,127023
71,7.53988,103343
72,7.53831,34635
73,7.53328,161970
74,7.52369,146652
75,7.52059,125153
76,7.52037,70149
77,7.50628,126042
78,7.50156,123260
79,7.50035,147020
80,7.49628,14105
81,7.49022,17133
82,7.48992,175155
83,7.48676,91
84,7.48291,14996
85,7.48017,43111
86,7.47245,21050
87,7.46587,201808
88,7.46371,39463
89,7.46275,148949
90,7.45043,27833
91,7.4457,9216
92,7.44521,128621
93,7.43474,77423
94,7.43042,4098
95,7.43025,146886
96,7.42992,148228
97,7.4296,555
98,7.42551,43015
99,7.4226,176189
100,7.42199,54043
101,7.41842,104006
102,7.41349,31627
103,7.41188,101721
104,7.41118,188
105,7.41046,215
106,7.40329,154203
107,7.39187,10630
108,7.3902,129437
109,7.38916,9209
110,7.38253,234
111,7.3788,20551
112,7.37637,140620
113,7.37628,171131
114,7.37583,93260
115,7.37318,31481
116,7.37007,146439
117,7.36853,97207
118,7.36805,22545
119,7.36493,24181
120,7.35805,38453
121,7.35462,59294
122,7.35261,12
123,7.35216,54998
124,7.34739,7854
125,7.34302,172818
126,7.34168,181304
127,7.34072,127060
128,7.33613,822
129,7.3357,19857
130,7.3287,48726
131,7.32394,118048
132,7.32159,17392
133,7.32008,92828
134,7.32004,41114
135,7.31951,108745
136,7.31423,25021
137,7.31197,182874
138,7.31166,66589
139,7.30814,77130
140,7.30634,181279
141,7.30563,155873
142,7.30092,176494
143,7.30089,27708
144,7.30054,421
145,7.30015,463
146,7.29847,119890
147,7.29718,54138
148,7.28823,1
149,7.28317,3
150,7.28089,55690
151,7.27889,36932
152,7.2751,45315
153,7.27403,40692
154,7.26895,15985
155,7.26861,760
156,7.26837,163745
157,7.26376,39856
158,7.26246,59959
159,7.26106,123123
160,7.26005,192291
161,7.25956,193037
162,7.25558,198928
163,7.25166,176920
164,7.2512,124708
165,7.24983,198773
166,7.24947,40765
167,7.24783,136888
168,7.247,37046
169,7.24283,243
170,7.24224,33160
171,7.23992,25292
172,7.23719,63628
173,7.23664,82222
174,7.23531,129622
175,7.23114,185343
176,7.2289,2655
177,7.22586,70919
178,7.22492,25554
179,7.22406,21241
180,7.22336,54625
181,7.22186,105134
182,7.21855,144344
183,7.21822,31594
184,7.21771,5
185,7.21571,143693
186,7.21567,121
187,7.21386,70323
188,7.21153,71
189,7.20894,163068
190,7.20681,157969
191,7.20671,54
192,7.20351,156129
193,7.2001,172287
194,7.19913,19777
195,7.19831,109276
196,7.19273,46213
197,7.19132,9217
198,7.19113,8217
199,7.18995,155821
200,7.18293,15987
201,7.18251,2653
202,7.1822,21348
203,7.18078,79828
204,7.18018,24480
205,7.17573,147949
206,7.16879,55670
207,7.16764,90137
208,7.16621,160477
209,7.16297,39683
210,7.1601,25417
211,7.15994,73171
212,7.15828,40354
213,7.15672,96913
214,7.15472,176396
215,7.15422,83330
216,7.15252,66188
217,7.15214,13122
218,7.15199,712
219,7.1497,128996
220,7.14921,875
221,7.14742,18833
222,7.14594,118
223,7.14332,102652
224,7.1415,65781
225,7.14147,136063
226,7.14113,66362
227,7.13589,5404
228,7.13576,100901
229,7.13413,17226
230,7.13271,139976
231,7.13109,150658
232,7.12619,154809
233,7.12569,133038
234,7.12502,182631
235,7.1235,98778
236,7.12306,144592
237,7.1201,13
238,7.11815,27162
239,7.11696,97786
240,7.11661,11170
241,7.11634,172
242,7.11059,137408
243,7.10937,172081
244,7.10899,42052
245,7.10807,58421
246,7.10392,169255
247,7.10255,105551
248,7.10212,63888
249,7.10124,163967
250,7.10023,116998
251,7.1,36553
252,7.09512,3685
253,7.09174,127398
254,7.09082,138161
255,7.08707,90419
256,7.08501,146791
257,7.08383,62222
258,7.08226,158899
259,7.08206,125618
260,7.08158,205359
261,7.08151,128671
262,7.08149,34219
263,7.08028,475
264,7.07936,62227
265,7.07737,188834
266,7.0769,171668
267,7.07652,113924
268,7.07361,141572
269,7.07172,162082
270,7.06967,34119
271,7.06721,6472
272,7.06574,27173
273,7.06546,163968
274,7.0648,166669
275,7.0647,39351
276,7.06267,50
277,7.06231,9625
278,7.06051,43570
279,7.05836,3307
280,7.05695,478
281,7.05417,39938
282,7.05106,133848
283,7.05098,119506
284,7.05028,155703
285,7.04988,97842
286,7.04954,183562
287,7.04744,166384
288,7.04509,140603
289,7.04436,128271
290,7.04394,161614
291,7.04372,9674
292,7.04353,1513
293,7.04292,192458
294,7.04289,15062
295,7.04255,150
296,7.0401,18
297,7.03898,181521
298,7.03847,15363
299,7.03418,95527
300,7.03284,198994
301,7.03158,159508
302,7.03059,133473
303,7.02959,192457
304,7.02765,155987
305,7.02717,121288
306,7.02517,22827
307,7.0248,42776
308,7.02371,134726
309,7.02327,65532
310,7.02107,50750
311,7.01967,167400
312,7.01934,586
313,7.01672,119432
314,7.01511,21790
315,7.01439,176734
316,7.01248,151347
317,7.01047,24800
318,7.00994,2346
319,7.0082,18098
320,7.00789,121408
321,7.0076,131357
322,7.00703,58281
323,7.0053,26997
324,7.00126,36235
325,7.00017,113997
326,6.99915,31999
327,6.99671,31730
328,6.99436,155624
329,6.99393,20437
330,6.99088,163166
331,6.99016,79127
332,6.98598,1353
333,6.9859,160499
334,6.98418,30869
335,6.98389,143519
336,6.98357,27746
337,6.98263,128780
338,6.98185,11
339,6.98138,47
340,6.98125,182134
341,6.98111,148575
342,6.98087,192153
343,6.97858,28181
344,6.97816,144189
345,6.97641,20963
346,6.97269,9823
347,6.97233,140934
348,6.97221,70512
349,6.96924,153938
350,6.96757,135219
351,6.96671,10547
352,6.96591,137988
353,6.9655,151022
354,6.96453,4390
355,6.96155,170042
356,6.96106,15364
357,6.96022,110277
358,6.95907,191862
359,6.95855,103886
360,6.95854,126792
361,6.95747,38996
362,6.95722,42215
363,6.95688,150997
364,6.9566,113294
365,6.95567,30380
366,6.95517,3201
367,6.95322,88
368,6.95274,82421
369,6.95197,6249
370,6.95052,82420
371,6.94934,31563
372,6.94919,21763
373,6.9483,200680
374,6.94793,183251
375,6.94562,2163
376,6.94451,68425
377,6.94429,12942
378,6.94169,204583
379,6.94099,24508
380,6.94073,160495
381,6.94057,372
382,6.93913,28023
383,6.93786,91312
384,6.93761,65901
385,6.93616,158275
386,6.93257,41002
387,6.93198,117915
388,6.93186,168584
389,6.92983,177639
390,6.92905,41066
391,6.92868,162007
392,6.92858,47185
393,6.92852,35570
394,6.9284,171
395,6.92819,22345
396,6.92411,55600
397,6.92105,172308
398,6.91984,111341
399,6.91953,91872
400,6.91768,37904
401,6.9176,12891
402,6.91577,192836
403,6.91208,123540
404,6.91206,73761
405,6.91028,175640
406,6.91007,503
407,6.90919,160010
408,6.90821,174785
409,6.90708,43528
410,6.90687,13004
411,6.90658,156689
412,6.90651,107529
413,6.90536,46
414,6.90518,94
415,6.90437,180511
416,6.90294,146278
417,6.90123,163602
418,6.90074,30957
419,6.89686,1035
420,6.89599,189932
421,6.89417,27976
422,6.89399,151004
423,6.89391,132028
424,6.89373,156009
425,6.89356,26566
426,6.89269,84419
427,6.89141,131287
428,6.88954,155362
429,6.88947,144797
430,6.88767,156336
431,6.8865,12962
432,6.88614,137269
433,6.88435,2181
434,6.88263,528
435,6.88205,194607
436,6.881,139898
437,6.88079,100423
438,6.87955,143741
439,6.87928,158889
440,6.87606,1345
441,6.87261,69779
442,6.8709,196340
443,6.87058,12002
444,6.87049,191189
445,6.86597,143515
446,6.86546,199042
447,6.86299,5782
448,6.86263,9440
449,6.86101,491
450,6.85908,156943
451,6.85874,111799
452,6.85838,98351
453,6.85564,148319
454,6.85511,21882
455,6.85477,12902
456,6.85472,7717
457,6.8537,169124
458,6.85353,69789
459,6.85312,130960
460,6.85232,85897
461,6.8517,108784
462,6.85006,168435
463,6.8492,1041
464,6.84805,483
465,6.8477,8125
466,6.84548,52461
467,6.84506,45986
468,6.84461,180974
469,6.84359,939
470,6.84352,106217
471,6.84314,13642
472,6.8427,20100
473,6.84158,156566
474,6.84028,29603
475,6.83994,66356
476,6.8387,53953
477,6.83482,29368
478,6.83436,2453
479,6.8331,119788
480,6.83276,108906
481,6.83259,173442
482,6.82918,92415
483,6.82876,240
484,6.82865,72225
485,6.82346,95064
486,6.82225,40628
487,6.82077,129948
488,6.82033,162286
489,6.81982,181530
490,6.81767,19600
491,6.8163,171499
492,6.81474,1301
493,6.81344,71721
494,6.81343,554
495,6.81335,206941
496,6.81333,161417
497,6.81173,117959
498,6.81115,38823
499,6.8099,67492
500,6.80981,145659
501,6.80819,147151
502,6.8075,2955
503,6.80729,89409
504,6.80488,132018
505,6.80183,131646
506,6.79839,904
507,6.79702,8051
508,6.7953,22825
509,6.79484,1822
510,6.7938,8045
511,6.79278,160018
512,6.7923,30645
513,6.79155,168917
514,6.78755,37380
515,6.78498,171669
516,6.78409,45
517,6.78317,174570
518,6.78127,141517
519,6.78026,60
520,6.7801,55427
521,6.78001,156776
522,6.77905,122298
523,6.77703,173
524,6.77693,2398
525,6.7745,65244
526,6.77412,191977
527,6.77366,66505
528,6.77357,26990
529,6.77306,171273
530,6.77206,224
531,6.76984,165401
532,6.76981,51
533,6.76895,104363
534,6.7687,104710
535,6.7656,432
536,6.76251,98229
537,6.76148,135382
538,6.75904,72287
539,6.75665,193558
540,6.75646,699
541,6.75498,202408
542,6.75426,38054
543,6.75389,551
544,6.75306,160851
545,6.75266,16747
546,6.75191,27588
547,6.74944,161866
548,6.74698,50768
549,6.74448,59946
550,6.74344,122522
551,6.74236,137649
552,6.74057,153016
553,6.73799,18100
554,6.73795,15817
555,6.73676,97903
556,6.73376,94246
557,6.7332,104020
558,6.73292,2093
559,6.72657,25568
560,6.72622,38159
561,6.72576,165838
562,6.72504,66056
563,6.72202,151007
564,6.7216,23094
565,6.7211,35497
566,6.72088,57390
567,6.71914,41
568,6.7189,5737
569,6.71458,172047
570,6.71428,91514
571,6.71424,169654
572,6.71144,150999
573,6.71127,17396
574,6.71118,177678
575,6.71085,142326
576,6.70914,72321
577,6.70572,157403
578,6.70417,37759
579,6.70367,175117
580,6.70318,42910
581,6.70298,71671
582,6.70243,170416
583,6.70228,27364
584,6.7016,4099
585,6.70067,124
586,6.69993,327
587,6.69987,203993
588,6.6979,156546
589,6.69689,1634
590,6.69591,34084
591,6.69394,177590
592,6.69325,68264
593,6.6931,136991
594,6.69181,121410
595,6.68959,25669
596,6.68874,8203
597,6.68865,154458
598,6.68775,171233
599,6.68681,230
600,6.68631,37628
601,6.68498,39953
602,6.68466,30618
603,6.68462,30381
604,6.68407,2507
605,6.6825,157526
606,6.68172,91536
607,6.68125,132372
608,6.68062,44163
609,6.67994,1608
610,6.67902,121297
611,6.67887,152162
612,6.67753,164265
613,6.675,200147
614,6.67354,221
615,6.67293,19100
616,6.67266,91873
617,6.67139,127518
618,6.67055,21523
619,6.66987,130176
620,6.66921,1382
621,6.6654,91080
622,6.66443,15126
623,6.66437,25821
624,6.6635,833
625,6.66321,8989
626,6.66263,183880
627,6.66223,855
628,6.66155,37836
629,6.66152,159473
630,6.65843,823
631,6.65812,53093
632,6.65767,157001
633,6.65566,170561
634,6.65503,154086
635,6.6526,96007
636,6.65252,143884
637,6.6524,25643
638,6.65233,131260
639,6.65217,1465
640,6.65081,153065
641,6.64978,1261
642,6.64925,18258
643,6.64878,154246
644,6.64795,60435
645,6.64764,123955
646,6.64695,43022
647,6.64631,75449
648,6.64537,95103
649,6.64335,24068
650,6.64215,17329
651,6.64069,56692
652,6.64056,158435
653,6.6395,527
654,6.63779,125678
655,6.63747,11825
656,6.63721,35815
657,6.63719,174660
658,6.63567,180680
659,6.63552,178336
660,6.6355,140933
661,6.63465,40793
662,6.63448,6830
663,6.63297,154825
664,6.6321,278
665,6.63171,13823
666,6.62946,191231
667,6.62543,120523
668,6.62499,119591
669,6.62484,164338
670,6.62402,144041
671,6.62393,37919
672,6.62339,158600
673,6.62062,20542
674,6.62041,12495
675,6.62009,1159
676,6.61927,47055
677,6.61727,207691
678,6.61711,147303
679,6.61626,105
680,6.61552,105037
681,6.61288,111124
682,6.61187,212445
683,6.61101,181687
684,6.61011,138649
685,6.60953,180593
686,6.6094,145639
687,6.60913,169426
688,6.60903,109125
689,6.60765,12995
690,6.60523,75165
691,6.60521,185589
692,6.60493,102548
693,6.60486,42452
694,6.60381,16395
695,6.60338,22141
696,6.60295,154386
697,6.60065,156714
698,6.60035,193042
699,6.59925,204027
700,6.59838,199478
701,6.59828,137297
702,6.59825,66
703,6.59788,29934
704,6.59763,104347
705,6.59636,21441
706,6.5958,123499
707,6.59533,103
708,6.59521,902
709,6.59495,106
710,6.59423,175199
711,6.59232,159109
712,6.59232,33604
713,6.59127,9203
714,6.58516,134352
715,6.58514,15
716,6.58397,176229
717,6.5838,165722
718,6.58351,10640
719,6.58338,16992
720,6.58306,173064
721,6.5828,72991
722,6.58251,10
723,6.58171,131014
724,6.58141,160902
725,6.57953,35052
726,6.57778,152470
727,6.57737,152
728,6.57723,129051
729,6.57702,183840
730,6.57701,150312
731,6.57688,125548
732,6.5764,176544
733,6.57582,58936
734,6.57556,122294
735,6.57479,7480
736,6.57463,157809
737,6.57436,354
738,6.5733,13780
739,6.57199,194879
740,6.57173,492
741,6.57162,156091
742,6.57104,2338
743,6.57095,138431
744,6.57008,13884
745,6.56613,39684
746,6.566,117985
747,6.56582,43443
748,6.56552,878
749,6.56539,123607
750,6.56403,1231
751,6.5638,19999
752,6.56264,17405
753,6.56257,6205
754,6.56193,30658
755,6.5599,112
756,6.55907,22484
757,6.55668,34194
758,6.55623,55697
759,6.55419,22038
760,6.5526,196
761,6.55202,423
762,6.55149,143405
763,6.55143,171879
764,6.5514,16986
765,6.55115,16496
766,6.55044,24417
767,6.55011,199561
768,6.54904,92319
769,6.5475,106662
770,6.54508,1897
771,6.545,127024
772,6.54414,63268
773,6.544,94362
774,6.54295,67254
775,6.542,40270
776,6.54177,3072
777,6.54148,826
778,6.54109,9446
779,6.54034,26
780,6.53956,142992
781,6.53906,38862
782,6.53866,203427
783,6.53783,15512
784,6.5376,101785
785,6.53751,112138
786,6.53639,9220
787,6.53572,200077
788,6.53426,41916
789,6.53387,6411
790,6.53352,166226
791,6.53349,2081
792,6.53302,220
793,6.53296,163413
794,6.53264,85256
795,6.53252,3800
796,6.53223,139771
797,6.53158,12761
798,6.53134,1540
799,6.53014,19237
800,6.52978,61692
801,6.5294,143986
802,6.52702,139030
803,6.52679,481
804,6.52652,26457
805,6.52574,681
806,6.52507,73369
807,6.52417,21550
808,6.52261,148943
809,6.52063,163154
810,6.51913,179275
811,6.51877,38343
812,6.51875,3284
813,6.51866,1115
814,6.5183,179572
815,6.5183,113873
816,6.51734,83195
817,6.51688,142079
818,6.51676,195137
819,6.51609,142961
820,6.51559,160610
821,6.5155,146221
822,6.51473,176165
823,6.51317,184424
824,6.51268,129459
825,6.51087,5716
826,6.51085,1499
827,6.51066,88827
828,6.51038,41933
829,6.50923,167270
830,6.50885,57925
831,6.50878,730
832,6.50843,134453
833,6.50715,147253
834,6.50643,134253
835,6.50616,19622
836,6.50444,181796
837,6.50391,177802
838,6.503,2842
839,6.50294,179803
840,6.50174,701
841,6.50111,152765
842,6.50104,22
843,6.49926,1915
844,6.4984,1403
845,6.4978,37387
846,6.4976,6351
847,6.49692,115
848,6.49477,103185
849,6.49457,38765
850,6.49322,146418
851,6.49236,165986
852,6.49114,254
853,6.49101,37907
854,6.48995,103092
855,6.4897,42487
856,6.48962,2122
857,6.48952,71836
858,6.48921,7805
859,6.48841,394
860,6.4883,113401
861,6.48826,24827
862,6.48795,94104
863,6.48711,24773
864,6.48675,21920
865,6.48571,90040
866,6.48562,157096
867,6.48521,242
868,6.48439,192135
869,6.48425,594
870,6.48368,168
871,6.48238,38863
872,6.48196,191300
873,6.48006,179172
874,6.47913,173090
875,6.47901,142852
876,6.47858,165872
877,6.47789,5206
878,6.4749,131366
879,6.47432,87890
880,6.4738,144529
881,6.47353,141423
882,6.47199,148951
883,6.47186,70
884,6.47088,35435
885,6.46976,29937
886,6.46769,193949
887,6.46561,31497
888,6.46529,107255
889,6.46479,42124
890,6.46393,158900
891,6.46368,104955
892,6.46254,84
893,6.46197,168998
894,6.46,131325
895,6.46,204305
896,6.45987,172381
897,6.45861,2393
898,6.45818,39339
899,6.4567,34887
900,6.45647,149155
901,6.45576,182340
902,6.45549,37358
903,6.45524,620
904,6.45315,175223
905,6.45292,71906
906,6.4528,143185
907,6.45189,37141
908,6.45099,36522
909,6.45097,3565
910,6.45049,14254
911,6.45033,91984
912,6.44998,92190
913,6.44976,138233
914,6.44947,111417
915,6.44866,204
916,6.44656,1662
917,6.44655,73
918,6.44568,3228
919,6.44497,113636
920,6.44297,21954
921,6.4428,172220
922,6.44277,181810
923,6.44226,56931
924,6.44209,201
925,6.44201,199
926,6.44196,125752
927,6.4391,131111
928,6.43777,624
929,6.43607,38992
930,6.43575,3955
931,6.43453,122842
932,6.4343,116
933,6.43357,2987
934,6.43216,1887
935,6.43181,8129
936,6.43111,55829
937,6.4308,38386
938,6.43043,54361
939,6.42944,10093
940,6.42922,178054
941,6.42868,136280
942,6.42833,2808
943,6.42761,168609
944,6.42723,75476
945,6.4271,1829
946,6.42643,194880
947,6.42637,157
948,6.42464,23679
949,6.42403,40209
950,6.42277,33451
951,6.42273,86246
952,6.42012,2961
953,6.42011,200954
954,6.41989,63543
955,6.41975,9910
956,6.41974,177524
957,6.41933,237
958,6.41819,36811
959,6.41808,122240
960,6.41626,986
961,6.41499,28089
962,6.41482,8098
963,6.41441,128442
964,6.41209,172385
965,6.4114,99975
966,6.41069,232
967,6.41044,111105
968,6.40892,3931
969,6.40859,18745
970,6.40835,168788
971,6.40725,102435
972,6.40703,65564
973,6.40673,4396
974,6.40511,24703
975,6.4051,191876
976,6.40461,116954
977,6.40362,119
978,6.40162,494
979,6.40073,361
980,6.40046,135779
981,6.4001,195162
982,6.39924,38545
983,6.39858,1568
984,6.39844,180040
985,6.39787,81640
986,6.39771,15953
987,6.39718,149951
988,6.39695,24742
989,6.39679,179460
990,6.39658,25224
991,6.3945,438
992,6.39421,43868
993,6.39352,2065
994,6.3933,71074
995,6.39254,31552
996,6.39225,82168
997,6.3917,15839
998,6.39104,32666
999,6.39097,15511
1000,6.39041,915
1001,6.38976,91620
1002,6.38953,442
1003,6.38946,123096
1004,6.3894,13308
1005,6.38911,1544
1006,6.38872,39217
1007,6.38869,180852
1008,6.38848,144568
1009,6.38764,12477
1010,6.38729,619
1011,6.38682,31105
1012,6.38667,63759
1013,6.38633,141736
1014,6.38547,15818
1015,6.38545,85005
1016,6.38479,925
1017,6.38443,2570
1018,6.38419,155255
1019,6.3839,17710
1020,6.38363,32125
1021,6.38355,67239
1022,6.38301,171011
1023,6.38267,157026
1024,6.38196,179303
1025,6.38163,167513
1026,6.38108,35503
1027,6.38098,73316
1028,6.38088,21133
1029,6.38012,166857
1030,6.37971,144239
1031,6.37934,85036
1032,6.37874,6779
1033,6.37776,207336
1034,6.37764,181524
1035,6.3775,28259
1036,6.3768,2397
1037,6.37669,46396
1038,6.37565,118174
1039,6.37501,41749
1040,6.37411,19526
1041,6.37271,424
1042,6.37224,31759
1043,6.37173,114031
1044,6.37121,165950
1045,6.37022,153064
1046,6.36968,175307
1047,6.36912,195544
1048,6.36799,4636
1049,6.3673,145189
1050,6.3664,169611
1051,6.36585,180899
1052,6.36391,165948
1053,6.36347,12166
1054,6.36278,31624
1055,6.36262,124172
1056,6.36168,40769
1057,6.36152,27627
1058,6.36114,89910
1059,6.36109,9215
1060,6.36103,2251
1061,6.3605,34707
1062,6.35947,13551
1063,6.35877,903
1064,6.35837,128898
1065,6.35818,22348
1066,6.35759,8190
1067,6.35744,5781
1068,6.35714,8481
1069,6.35572,929
1070,6.35554,175293
1071,6.35544,148601
1072,6.35536,25277
1073,6.35477,144826
1074,6.35471,12589
1075,6.35417,58110
1076,6.35411,35761
1077,6.35278,42673
1078,6.35221,1442
1079,6.35168,134157
1080,6.3508,16267
1081,6.3507,120217
1082,6.35025,340
1083,6.34886,46255
1084,6.34834,118536
1085,6.34785,40760
1086,6.3473,33154
1087,6.34725,22143
1088,6.34725,66588
1089,6.34673,16772
1090,6.34554,195571
1091,6.34552,5072
1092,6.34532,24310
1093,6.34506,68182
1094,6.34492,120
1095,6.34474,17223
1096,6.34469,62220
1097,6.34346,113289
1098,6.34322,66214
1099,6.34319,117
1100,6.3429,85325
1101,6.34289,118063
1102,6.34278,71882
1103,6.34261,249
1104,6.34165,192860
1105,6.34154,3353
1106,6.34048,118695
1107,6.34039,41010
1108,6.34028,29972
1109,6.33946,9027
1110,6.33835,75358
1111,6.33632,4741
1112,6.33539,182694
1113,6.33469,158339
1114,6.33444,36399
1115,6.3334,142121
1116,6.33292,171662
1117,6.33278,198953
1118,6.33212,119391
1119,6.33072,21551
1120,6.33031,39927
1121,6.33023,18748
1122,6.32901,143401
1123,6.32872,133632
1124,6.32782,123609
1125,6.32726,1032
1126,6.32725,43152
1127,6.32723,40393
1128,6.32607,1198
1129,6.32597,77
1130,6.32556,169794
1131,6.32517,29223
1132,6.32512,32412
1133,6.32472,3720
1134,6.32365,57660
1135,6.32319,9341
1136,6.32255,1117
1137,6.32226,123219
1138,6.32212,98
1139,6.32201,112686
1140,6.32192,20134
1141,6.32147,71061
1142,6.32089,31483
1143,6.31991,197443
1144,6.31937,171726
1145,6.31899,180592
1146,6.31641,130
1147,6.31561,127997
1148,6.3149,29839
1149,6.31452,203420
1150,6.31441,11057
1151,6.31423,169416
1152,6.31376,38718
1153,6.31373,40237
1154,6.31362,472
1155,6.31334,128667
1156,6.31307,148261
1157,6.31291,54137
1158,6.31189,197405
1159,6.31141,202670
1160,6.31033,589
1161,6.30865,49
1162,6.30859,66510
1163,6.30831,65515
1164,6.30814,631
1165,6.30797,15510
1166,6.30795,111732
1167,6.30767,204836
1168,6.30618,1234
1169,6.30595,38531
1170,6.30545,155969
1171,6.30524,6901
1172,6.30496,109291
1173,6.3049,88408
1174,6.3038,38309
1175,6.30343,83734
1176,6.30327,104581
1177,6.30297,76417
1178,6.30291,66171
1179,6.30224,30367
1180,6.30177,137330
1181,6.3011,205716
1182,6.3001,398
1183,6.30001,83667
1184,6.29934,72
1185,6.29926,15600
1186,6.29802,94480
1187,6.29662,136056
1188,6.29594,1107
1189,6.29588,592
1190,6.29574,98315
1191,6.29468,213893
1192,6.29331,12005
1193,6.29229,172996
1194,6.29215,12750
1195,6.29203,67928
1196,6.29176,27848
1197,6.29092,19764
1198,6.28959,92044
1199,6.28947,99
1200,6.28935,40529
1201,6.28851,1155
1202,6.2884,67185
1203,6.28673,19995
1204,6.28656,124052
1205,6.28646,32674
1206,6.28635,41863
1207,6.28605,76150
1208,6.28603,73070
1209,6.28547,176558
1210,6.28547,128445
1211,6.28511,14
1212,6.28499,22897
1213,6.28404,128721
1214,6.28182,124965
1215,6.28109,157413
1216,6.28099,384
1217,6.28019,175095
1218,6.28002,144864
1219,6.27959,154182
1220,6.27922,9441
1221,6.27888,162388
1222,6.27839,163370
1223,6.27789,36648
1224,6.27671,29073
1225,6.2767,443
1226,6.27607,34585
1227,6.27592,182189
1228,6.27503,54307
1229,6.27496,206718
1230,6.27434,168681
1231,6.27419,28
1232,6.27381,150145
1233,6.2738,36400
1234,6.2736,122588
1235,6.27284,4218
1236,6.27244,67180
1237,6.27162,78733
1238,6.27161,151247
1239,6.27033,511
1240,6.26946,175621
1241,6.26856,3570
1242,6.26819,158572
1243,6.26812,10997
1244,6.26745,153507
1245,6.26686,143404
1246,6.26678,2596
1247,6.26601,4192
1248,6.26505,466
1249,6.265,154509
1250,6.26476,157917
1251,6.26345,66587
1252,6.26279,126996
1253,6.26203,144415
1254,6.26199,11971
1255,6.26056,102237
1256,6.26001,21632
1257,6.2597,20133
1258,6.25965,638
1259,6.25931,173101
1260,6.25905,337
1261,6.25813,2476
1262,6.25799,194626
1263,6.25794,15290
1264,6.25781,146816
1265,6.25759,125
1266,6.25694,7858
1267,6.25693,187653
1268,6.25669,65282
1269,6.25574,8095
1270,6.25502,91523
1271,6.25425,139899
1272,6.25423,137423
1273,6.25418,181797
1274,6.2541,140
1275,6.25359,12350
1276,6.25355,166286
1277,6.25274,81453
1278,6.25246,177478
1279,6.25228,156858
1280,6.25173,144270
1281,6.25135,66849
1282,6.25089,145371
1283,6.25083,193737
1284,6.25068,162823
1285,6.24993,691
1286,6.24992,125046
1287,6.24988,137031
1288,6.24969,144553
1289,6.24936,172503
1290,6.24906,128931
1291,6.24891,65907
1292,6.24878,187377
1293,6.24864,15318
1294,6.24863,4394
1295,6.24853,207830
1296,6.24845,129731
1297,6.24807,2533
1298,6.24757,153097
1299,6.24757,145645
1300,6.2466,1295
1301,6.24645,128
1302,6.24349,126100
1303,6.24325,132
1304,6.24312,156548
1305,6.24285,45748
1306,6.24262,39206
1307,6.24196,2569
1308,6.24163,174973
1309,6.24139,22877
1310,6.23971,1563
1311,6.23912,103686
1312,6.23833,22532
1313,6.23752,17025
1314,6.23729,526
1315,6.23639,3870
1316,6.23423,59
1317,6.23366,6819
1318,6.23363,119781
1319,6.23359,61487
1320,6.2329,21791
1321,6.23258,38786
1322,6.23255,168274
1323,6.23232,348
1324,6.23221,176083
1325,6.23195,798
1326,6.23177,19348
1327,6.23176,174078
1328,6.2317,205398
1329,6.23169,67888
1330,6.23163,37371
1331,6.23153,3972
1332,6.23121,183006
1333,6.23092,152242
1334,6.22966,23107
1335,6.22965,37196
1336,6.22952,195528
1337,6.22951,531
1338,6.22939,217
1339,6.22928,192074
1340,6.22873,12692
1341,6.22855,16991
1342,6.22829,17161
1343,6.22703,124969
1344,6.22665,123239
1345,6.22642,118418
1346,6.22633,11229
1347,6.22628,39188
1348,6.22602,32484
1349,6.2249,36946
1350,6.22424,40990
1351,6.22399,158340
1352,6.22231,2603
1353,6.22216,157958
1354,6.2213,156501
1355,6.22067,108
1356,6.22057,20
1357,6.21917,19427
1358,6.2186,59753
1359,6.21829,1042
1360,6.21821,181345
1361,6.21692,31479
1362,6.21622,96152
1363,6.21618,25729
1364,6.21609,22192
1365,6.2155,715
1366,6.21531,7
1367,6.21445,2529
1368,6.21305,1219
1369,6.213,1044
1370,6.21259,99392
1371,6.21157,119012
1372,6.21053,41627
1373,6.21,125921
1374,6.20954,183231
1375,6.2093,145203
1376,6.20899,35488
1377,6.20888,8730
1378,6.20863,320
1379,6.20857,154301
1380,6.20841,936
1381,6.20836,209778
1382,6.20796,1423
1383,6.20782,180956
1384,6.2078,17240
1385,6.20719,1491
1386,6.20716,195503
1387,6.20695,286
1388,6.2069,103660
1389,6.2067,42939
1390,6.20576,159503
1391,6.20564,28620
1392,6.20551,223
1393,6.20548,140535
1394,6.2044,180771
1395,6.20431,559
1396,6.20413,38506
1397,6.20313,153737
1398,6.20302,169318
1399,6.20287,23540
1400,6.20215,3085
1401,6.20143,949
1402,6.20097,129050
1403,6.19919,158109
1404,6.19891,167698
1405,6.19799,40832
1406,6.19674,55952
1407,6.19671,932
1408,6.19664,197572
1409,6.19656,90305
1410,6.19635,15369
1411,6.19587,23418
1412,6.19568,198525
1413,6.19521,1270
1414,6.19455,150293
1415,6.19438,28723
1416,6.19404,34969
1417,6.19375,112092
1418,6.1935,131835
1419,6.19343,15954
1420,6.19342,37734
1421,6.19332,191894
1422,6.19285,75212
1423,6.19277,382
1424,6.19146,183571
1425,6.19128,124827
1426,6.19116,189
1427,6.19042,127127
1428,6.19004,195314
1429,6.18798,244
1430,6.18795,3236
1431,6.18795,133528
1432,6.18782,18866
1433,6.18691,191572
1434,6.18583,149241
1435,6.18578,140343
1436,6.18576,155695
1437,6.18569,634
1438,6.18472,18460
1439,6.18419,19643
1440,6.18411,46007
1441,6.18327,149776
1442,6.18315,111148
1443,6.18274,6887
1444,6.18204,145633
1445,6.18131,1334
1446,6.1811,93724
1447,6.18082,27225
1448,6.18046,256
1449,6.18018,32944
1450,6.17997,34297
1451,6.17828,10550
1452,6.1778,163
1453,6.17641,38713
1454,6.17635,4491
1455,6.17622,788
1456,6.17616,139033
1457,6.1756,41429
1458,6.17466,1194
1459,6.17456,27463
1460,6.17261,75091
1461,6.1725,118000
1462,6.17237,23451
1463,6.17215,296
1464,6.17189,67877
1465,6.17175,5867
1466,6.17127,40770
1467,6.17089,36708
1468,6.17065,36888
1469,6.17064,508
1470,6.17055,124968
1471,6.17043,157789
1472,6.16991,32116
1473,6.16932,140717
1474,6.16922,1262
1475,6.16873,7865
1476,6.16846,1037
1477,6.16843,198487
1478,6.16685,37120
1479,6.16678,805
1480,6.16607,195043
1481,6.16599,70519
1482,6.16554,71655
1483,6.1655,8490
1484,6.16536,162
1485,6.16514,8195
1486,6.16497,1621
1487,6.1647,21654
1488,6.16406,811
1489,6.16327,205507
1490,6.16318,2288
1491,6.16305,140951
1492,6.16251,16366
1493,6.1625,31291
1494,6.16211,40381
1495,6.16161,16216
1496,6.16063,3139
1497,6.16055,126008
1498,6.16,101
1499,6.15995,2612
1500,6.1599,35614
1501,6.15964,80006
1502,6.15954,156138
1503,6.15938,3421
1504,6.15899,189052
1505,6.15884,28829
1506,6.15871,27048
1507,6.15842,195856
1508,6.15837,143157
1509,6.15824,883
1510,6.15823,40425
1511,6.15817,1484
1512,6.15766,205597
1513,6.15762,8170
1514,6.15761,5406
1515,6.15761,4249
1516,6.15737,118705
1517,6.15684,111
1518,6.15468,173200
1519,6.15452,25261
1520,6.15451,23817
1521,6.15437,23730
1522,6.15412,25951
1523,6.15375,632
1524,6.15356,16
1525,6.15346,155463
1526,6.15224,35572
1527,6.15161,169704
1528,6.15161,95105
1529,6.15144,140125
1530,6.15075,23686
1531,6.15066,18985
1532,6.15053,203780
1533,6.15026,154003
1534,6.15024,35505
1535,6.14966,37400
1536,6.14952,162009
1537,6.14867,770
1538,6.14847,1589
1539,6.14834,142296
1540,6.14826,103649
1541,6.14803,129351
1542,6.14779,205610
1543,6.14736,168679
1544,6.14724,6050
1545,6.14722,128554
1546,6.14685,173156
1547,6.14488,39336
1548,6.14477,96792
1549,6.14475,43307
1550,6.14453,3202
1551,6.14419,180564
1552,6.14379,206051
1553,6.14343,109779
1554,6.14296,205317
1555,6.142,102104
1556,6.14162,30241
1557,6.14158,17393
1558,6.14074,97915
1559,6.13864,176530
1560,6.13841,209685
1561,6.13837,1111
1562,6.13798,2516
1563,6.13775,6068
1564,6.13698,19301
1565,6.13677,154906
1566,6.13674,191597
1567,6.13664,172547
1568,6.13564,147
1569,6.13551,55253
1570,6.13517,141090
1571,6.13491,19841
1572,6.13491,27356
1573,6.13488,11168
1574,6.1335,8924
1575,6.13332,191972
1576,6.13296,5622
1577,6.1319,153318
1578,6.13109,24762
1579,6.13108,3041
1580,6.13084,6866
1581,6.13057,205158
1582,6.13002,5620
1583,6.12949,433
1584,6.12941,122
1585,6.12883,23604
1586,6.12862,146312
1587,6.12855,692
1588,6.12849,11949
1589,6.12825,34615
1590,6.12771,8124
1591,6.12703,987
1592,6.12614,520
1593,6.126,17484
1594,6.12596,714
1595,6.1255,36367
1596,6.12546,759
1597,6.12516,4688
1598,6.1251,38548
1599,6.12502,80771
1600,6.12419,8107
1601,6.12404,62871
1602,6.12358,143175
1603,6.12334,63091
1604,6.12306,90870
1605,6.12296,14083
1606,6.12269,19854
1607,6.12186,178570
1608,6.12171,132428
1609,6.12126,18500
1610,6.12045,196202
1611,6.12038,1770
1612,6.11936,140519
1613,6.11896,11945
1614,6.1189,135281
1615,6.11828,5205
1616,6.11755,37301
1617,6.11738,206803
1618,6.11713,78954
1619,6.11613,205046
1620,6.11497,58
1621,6.11439,22398
1622,6.11436,3267
1623,6.11431,3409
1624,6.11388,145588
1625,6.11388,3234
1626,6.11277,7866
1627,6.11237,132544
1628,6.11194,3967
1629,6.11191,3439
1630,6.11141,35342
1631,6.11138,38872
1632,6.11109,14808
1633,6.11052,6613
1634,6.10975,112373
1635,6.10913,287
1636,6.10899,130882
1637,6.10872,1265
1638,6.10866,9364
1639,6.10853,37231
1640,6.10807,3348
1641,6.10754,166317
1642,6.10742,130877
1643,6.10682,149809
1644,6.10663,142854
1645,6.1065,10788
1646,6.10646,118610
1647,6.10627,19679
1648,6.10614,17449
1649,6.10595,40831
1650,6.10537,299
1651,6.10535,172552
1652,6.10496,163640
1653,6.10459,93538
1654,6.10446,177939
1655,6.104,166571
1656,6.1037,35285
1657,6.10365,84465
1658,6.10308,135243
1659,6.10303,24920
1660,6.10181,99875
1661,6.10154,827
1662,6.1007,33107
1663,6.09998,39242
1664,6.09977,265
1665,6.09917,136000
1666,6.09895,1425
1667,6.09894,19996
1668,6.09885,108722
1669,6.09813,31722
1670,6.09778,193557
1671,6.09578,107190
1672,6.09578,83040
1673,6.09547,171890
1674,6.09538,35350
1675,6.09502,22551
1676,6.09485,141791
1677,6.09461,41490
1678,6.0938,100679
1679,6.09334,13883
1680,6.09267,4616
1681,6.09217,12681
1682,6.09191,2266
1683,6.0919,169
1684,6.09061,4174
1685,6.08959,5942
1686,6.08936,84772
1687,6.08924,147537
1688,6.08823,33003
1689,6.08807,117942
1690,6.08793,41569
1691,6.08761,155708
1692,6.08713,32165
1693,6.08663,85250
1694,6.08625,135649
1695,6.08611,108044
1696,6.086,122889
1697,6.08527,130486
1698,6.08453,24037
1699,6.08447,68228
1700,6.08446,156496
1701,6.08402,177249
1702,6.08371,3605
1703,6.08263,40398
1704,6.08198,15033
1705,6.08162,1116
1706,6.08129,114387
1707,6.08111,103132
1708,6.0811,160081
1709,6.081,184459
1710,6.08062,175
1711,6.07947,37165
1712,6.07931,94389
1713,6.0791,56885
1714,6.07888,193621
1715,6.07865,105624
1716,6.07863,10819
1717,6.07796,162559
1718,6.07745,137776
1719,6.07718,192934
1720,6.07709,76674
1721,6.07707,4204
1722,6.07631,124380
1723,6.07577,205418
1724,6.07556,24070
1725,6.07548,58602
1726,6.07532,192802
1727,6.07529,74390
1728,6.07522,176565
1729,6.07408,97357
1730,6.07352,168433
1731,6.07335,117960
1732,6.07334,9
1733,6.0731,8172
1734,6.07304,44
1735,6.07299,148290
1736,6.07281,140863
1737,6.07275,164812
1738,6.07274,84469
1739,6.07258,422
1740,6.07233,56707
1741,6.0723,20545
1742,6.07211,21641
1743,6.07137,129320
1744,6.07128,19948
1745,6.07076,143176
1746,6.07044,131118
1747,6.07037,3655
1748,6.0703,20609
1749,6.06989,125311
1750,6.06985,191963
1751,6.06985,23985
1752,6.06981,30539
1753,6.06973,139952
1754,6.06892,2981
1755,6.06877,168054
1756,6.06822,464
1757,6.06803,2639
1758,6.06781,5795
1759,6.06733,147930
1760,6.06646,635
1761,6.0663,187680
1762,6.06623,32014
1763,6.06605,139562
1764,6.06594,7806
1765,6.06523,1444
1766,6.06515,420
1767,6.06499,119637
1768,6.06497,119866
1769,6.0646,200
1770,6.06433,552
1771,6.06395,79131
1772,6.06326,96713
1773,6.0632,1597
1774,6.06249,34320
1775,6.06118,4583
1776,6.06117,79073
1777,6.06089,65673
1778,6.06059,127095
1779,6.06006,101020
1780,6.05978,175878
1781,6.05975,25794
1782,6.05932,155
1783,6.05922,142830
1784,6.05919,1017
1785,6.05818,24509
1786,6.05769,20022
1787,6.05736,115293
1788,6.05687,120605
1789,6.05655,52328
1790,6.05636,105593
1791,6.05576,172933
1792,6.05557,156180
1793,6.0554,29109
1794,6.05508,21380
1795,6.05436,161226
1796,6.05399,163930
1797,6.05383,178944
1798,6.05332,172931
1799,6.0532,815
1800,6.05317,122891
1801,6.05311,1260
1802,6.05308,25674
1803,6.0523,1645
1804,6.05162,188866
1805,6.05145,380
1806,6.05105,66085
1807,6.04936,3553
1808,6.04914,155689
1809,6.04911,138788
1810,6.04826,148203
1811,6.04825,149853
1812,6.04815,53168
1813,6.04769,136440
1814,6.04729,4370
1815,6.04651,150926
1816,6.04647,153623
1817,6.04619,130390
1818,6.04615,102148
1819,6.04591,195421
1820,6.04585,42743
1821,6.0458,85
1822,6.04579,31133
1823,6.04507,32441
1824,6.04493,68247
1825,6.04492,9408
1826,6.04371,153
1827,6.0426,181761
1828,6.0422,29410
1829,6.04195,175360
1830,6.04133,25234
1831,6.04029,146408
1832,6.04018,1758
1833,6.04001,28025
1834,6.03962,216201
1835,6.0394,31056
1836,6.03917,21892
1837,6.03852,128063
1838,6.03738,329
1839,6.0371,152899
1840,6.03686,1430
1841,6.03668,30356
1842,6.03637,25071
1843,6.03635,35035
1844,6.03633,50381
1845,6.0361,25584
1846,6.03595,22278
1847,6.03514,20806
1848,6.03486,206940
1849,6.03479,541
1850,6.03473,137397
1851,6.03328,1293
1852,6.03299,31503
1853,6.03298,123570
1854,6.03293,39813
1855,6.03282,149119
1856,6.0327,172155
1857,6.03247,4209
1858,6.03228,34373
1859,6.03217,338
1860,6.03217,171835
1861,6.03208,3128
1862,6.03179,192638
1863,6.03176,169464
1864,6.0317,1585
1865,6.03133,170587
1866,6.03125,27739
1867,6.03113,174614
1868,6.03108,154875
1869,6.03088,173105
1870,6.03056,182351
1871,6.02999,56786
1872,6.02993,176371
1873,6.02969,179182
1874,6.0291,2162
1875,6.029,6719
1876,6.02872,2582
1877,6.0286,160958
1878,6.02852,73863
1879,6.02841,152053
1880,6.02809,129736
1881,6.02797,40214
1882,6.02772,34127
1883,6.02762,195372
1884,6.02718,29687
1885,6.02709,2238
1886,6.02698,139992
1887,6.02599,205045
1888,6.02593,214
1889,6.02592,104994
1890,6.02586,131891
1891,6.02522,87821
1892,6.02521,11265
1893,6.02492,68858
1894,6.02491,40444
1895,6.02485,10660
1896,6.02483,17053
1897,6.02459,203417
1898,6.02447,192945
1899,6.02427,147116
1900,6.02414,444
1901,6.02349,626
1902,6.02344,208895
1903,6.02318,84889
1904,6.02263,163474
1905,6.02263,19363
1906,6.02262,117914
1907,6.0214,169147
1908,6.02111,136955
1909,6.02074,30804
1910,6.02074,2689
1911,6.02044,95234
1912,6.02012,173047
1913,6.01995,142402
1914,6.019,98347
1915,6.01896,191051
1916,6.01858,37208
1917,6.01844,371
1918,6.01829,30662
1919,6.01827,437
1920,6.01787,38749
1921,6.01722,160559
1922,6.01697,2795
1923,6.01641,203416
1924,6.01633,60131
1925,6.01606,2247
1926,6.01591,129122
1927,6.01589,102898
1928,6.01535,267
1929,6.01463,7349
1930,6.01458,29663
1931,6.01444,38194
1932,6.01441,80642
1933,6.0144,124847
1934,6.01437,12632
1935,6.01408,123160
1936,6.01355,152237
1937,6.01246,34599
1938,6.01241,154634
1939,6.01203,101786
1940,6.01199,4090
1941,6.01057,154443
1942,6.01049,160968
1943,6.01027,1372
1944,6.00981,11096
1945,6.00976,86955
1946,6.00924,2652
1947,6.00914,177354
1948,6.00896,113927
1949,6.00881,42898
1950,6.00873,8817
1951,6.00845,178134
1952,6.00843,1561
1953,6.00819,155173
1954,6.0079,10081
1955,6.00776,1038
1956,6.0074,96613
1957,6.00709,257
1958,6.00695,29773
1959,6.00692,1338
1960,6.00691,12346
1961,6.00683,1710
1962,6.00629,18291
1963,6.00597,4212
1964,6.00516,27172
1965,6.00503,13293
1966,6.00468,64826
1967,6.00454,19650
1968,6.00392,782
1969,6.0038,3141
1970,6.00298,1213
1971,6.00297,207207
1972,6.00269,160964
1973,6.00209,141932
1974,6.00199,187273
1975,6.00185,193739
1976,6.00122,145976
1977,6.00107,2455
1978,6.00081,6366
1979,6.00076,185123
1980,6.00042,38797
1981,6.00022,29308
1982,5.99996,135654
1983,5.99986,173341
1984,5.9997,85769
1985,5.99915,191004
1986,5.99892,25420
1987,5.99871,1666
1988,5.99829,173294
1989,5.99766,141
1990,5.99751,6795
1991,5.9975,184522
1992,5.99687,7104
1993,5.99685,30
1994,5.99588,139245
1995,5.99551,38657
1996,5.99512,4286
1997,5.99509,20080
1998,5.9949,3154
1999,5.99456,84159
2000,5.99388,181260
2001,5.99365,20079
2002,5.99364,22287
2003,5.99315,3986
2004,5.99307,12234
2005,5.99281,65534
2006,5.99274,63632
2007,5.99255,18289
2008,5.99211,550
2009,5.99207,125050
2010,5.9918,3452
2011,5.99146,5419
2012,5.99136,5684
2013,5.99118,15826
2014,5.9911,174524
2015,5.99108,109969
2016,5.98947,17804
2017,5.98941,98242
2018,5.98914,91189
2019,5.98887,22457
2020,5.9888,134520
2021,5.98863,68820
2022,5.98814,19184
2023,5.98814,33643
2024,5.98705,9028
2025,5.98688,63170
2026,5.98639,189660
2027,5.98637,71021
2028,5.98631,170199
2029,5.98556,293
2030,5.9847,31954
2031,5.9846,128664
2032,5.98458,110524
2033,5.9844,35669
2034,5.9843,66081
2035,5.98427,92666
2036,5.98387,6539
2037,5.98378,17394
2038,5.98362,206084
2039,5.98335,154259
2040,5.98334,203430
2041,5.98309,3893
2042,5.98295,206504
2043,5.98286,152757
2044,5.98269,4211
2045,5.98244,29285
2046,5.98156,3263
2047,5.98072,19
2048,5.98039,57163
2049,5.98038,172546
2050,5.98002,2381
2051,5.98,198522
2052,5.97999,22198
2053,5.9799,135116
2054,5.9796,21287
2055,5.97874,171479
2056,5.9787,13532
2057,5.97869,8829
2058,5.97858,2290
2059,5.97843,156
2060,5.97839,12140
2061,5.97826,1036
2062,5.97805,105187
2063,5.97791,4529
2064,5.97786,150146
2065,5.97784,92120
2066,5.97768,148291
2067,5.97578,6542
2068,5.97566,3230
2069,5.97552,17651
2070,5.97508,357
2071,5.97498,6281
2072,5.97473,142325
2073,5.9741,96704
2074,5.97408,153999
2075,5.97404,75789
2076,5.9735,2998
2077,5.97323,119337
2078,5.97307,713
2079,5.97301,9825
2080,5.97267,1459
2081,5.9726,140457
2082,5.97153,24843
2083,5.97141,189067
2084,5.97138,32838
2085,5.97131,188314
2086,5.97063,32114
2087,5.97018,41003
2088,5.96996,65200
2089,5.9698,193840
2090,5.96928,7929
2091,5.96889,29581
2092,5.96861,155451
2093,5.9685,756
2094,5.9682,183572
2095,5.96813,116858
2096,5.96809,156266
2097,5.96806,1800
2098,5.96714,2539
2099,5.96684,545
2100,5.96643,24565
2101,5.96636,130792
2102,5.96628,193560
2103,5.96608,18803
2104,5.96602,40531
2105,5.96578,4258
2106,5.96464,38032
2107,5.96443,183284
2108,5.96426,130605
2109,5.96394,670
2110,5.96328,29259
2111,5.96313,113293
2112,5.96303,133956
2113,5.96256,14080
2114,5.96247,61458
2115,5.96226,146735
2116,5.96175,19947
2117,5.96164,4553
2118,5.96154,151771
2119,5.96131,22237
2120,5.96114,167763
2121,5.9611,127493
2122,5.96095,80979
2123,5.96083,146910
2124,5.96082,1545
2125,5.9606,5534
2126,5.96052,6581
2127,5.96029,4206
2128,5.95995,131449
2129,5.95987,25823
2130,5.95986,24878
2131,5.95973,29602
2132,5.95943,125993
2133,5.9593,17970
2134,5.95901,173761
2135,5.95892,156442
2136,5.95891,10383
2137,5.95874,10174
2138,5.95869,160418
2139,5.95849,69120
2140,5.95838,179820
2141,5.95795,169274
2142,5.95793,32989
2143,5.95792,130899
2144,5.95782,95
2145,5.95742,193308
2146,5.95694,35248
2147,5.95681,75448
2148,5.9564,247
2149,5.95609,177079
2150,5.95591,21754
2151,5.9557,1821
2152,5.95558,2748
2153,5.95524,144734
2154,5.95488,68
2155,5.95469,147431
2156,5.9527,148205
2157,5.95257,235
2158,5.95218,190639
2159,5.95214,154173
2160,5.95209,26055
2161,5.95175,31790
2162,5.9511,91534
2163,5.95096,1552
2164,5.95074,1768
2165,5.95033,125924
2166,5.9503,2535
2167,5.94996,201248
2168,5.94965,112869
2169,5.9493,128698
2170,5.94892,15157
2171,5.94891,161547
2172,5.94886,142267
2173,5.94849,66837
2174,5.9483,159632
2175,5.94826,943
2176,5.94801,97803
2177,5.94782,46807
2178,5.94765,162263
2179,5.94745,20295
2180,5.94707,6778
2181,5.94674,283
2182,5.94646,1830
2183,5.94641,2633
2184,5.94631,143075
2185,5.94606,33665
2186,5.94573,392
2187,5.94503,31545
2188,5.94489,61484
2189,5.94344,4985
2190,5.94264,3548
2191,5.94231,165662
2192,5.94228,21464
2193,5.94189,804
2194,5.94174,170
2195,5.94174,2228
2196,5.9413,65225
2197,5.94125,37728
2198,5.94071,1917
2199,5.9407,6663
2200,5.94067,24
2201,5.94036,124668
2202,5.94005,8552
2203,5.94002,159059
2204,5.93965,40107
2205,5.93927,67600
2206,5.93919,29256
2207,5.93915,911
2208,5.93913,204184
2209,5.93884,39328
2210,5.93873,4471
2211,5.93871,137909
2212,5.93843,859
2213,5.93838,84464
2214,5.93836,5336
2215,5.93835,23
2216,5.93824,161546
2217,5.93822,33468
2218,5.93815,14683
2219,5.93814,7062
2220,5.93794,177197
2221,5.93773,148532
2222,5.93736,1323
2223,5.93731,2932
2224,5.93726,58099
2225,5.93703,66424
2226,5.93695,3475
2227,5.93634,33434
2228,5.93541,35935
2229,5.93538,91034
2230,5.93536,200853
2231,5.93483,27385
2232,5.93469,40603
2233,5.93465,205494
2234,5.9346,39832
2235,5.9344,25900
2236,5.9344,75547
2237,5.93432,179933
2238,5.93389,67181
2239,5.9338,935
2240,5.93374,2604
2241,5.93363,3464
2242,5.93357,69601
2243,5.93324,173319
2244,5.93315,4047
2245,5.93307,14188
2246,5.93306,1209
2247,5.93305,31920
2248,5.93249,187353
2249,5.93197,4214
2250,5.93171,123576
2251,5.93106,37696
2252,5.9309,27680
2253,5.93076,8147
2254,5.93067,143484
2255,5.93038,4112
2256,5.93025,8166
2257,5.9302,1002
2258,5.93015,7804
2259,5.92957,4095
2260,5.92947,6707
2261,5.92923,110
2262,5.92917,32341
2263,5.92897,3661
2264,5.9288,137155
2265,5.92874,114438
2266,5.92847,12896
2267,5.9283,3406
2268,5.92829,1212
2269,5.92828,2470
2270,5.928,106999
2271,5.92657,118402
2272,5.92643,47046
2273,5.92609,23953
2274,5.9256,2389
2275,5.92558,178591
2276,5.92537,30932
2277,5.92498,8207
2278,5.92498,1431
2279,5.92494,180198
2280,5.9248,364
2281,5.92477,854
2282,5.9247,192
2283,5.92445,22245
2284,5.92444,182770
2285,5.92441,3632
2286,5.92435,142084
2287,5.92356,171226
2288,5.9235,32382
2289,5.92312,7935
2290,5.923,3837
2291,5.92269,63706
2292,5.922,19358
2293,5.92157,1493
2294,5.92155,174744
2295,5.92113,164865
2296,5.92099,122690
2297,5.92096,124839
2298,5.92085,13301
2299,5.92048,1679
2300,5.92019,180020
2301,5.92012,200454
2302,5.91993,176361
2303,5.91983,21985
2304,5.91945,34004
2305,5.91943,225
2306,5.91903,26235
2307,5.91862,22347
2308,5.91839,1452
2309,5.91834,403
2310,5.91767,208773
2311,5.91762,42142
2312,5.91741,1419
2313,5.91729,164698
2314,5.91702,18746
2315,5.917,5651
2316,5.91687,142555
2317,5.91677,2876
2318,5.91615,142271
2319,5.91614,908
2320,5.91534,170318
2321,5.91522,20865
2322,5.91498,147747
2323,5.91496,3413
2324,5.91494,42929
2325,5.91485,13362
2326,5.91476,175549
2327,5.91456,143981
2328,5.91397,42306
2329,5.91391,136594
2330,5.91371,115233
2331,5.91367,73538
2332,5.9136,2077
2333,5.91353,107704
2334,5.91326,27165
2335,5.9132,24304
2336,5.91306,8668
2337,5.91303,36887
2338,5.91282,27969
2339,5.91281,96026
2340,5.91278,176803
2341,5.91264,25114
2342,5.91249,23890
2343,5.91244,13005
2344,5.91242,178892
2345,5.91214,62853
2346,5.91196,111502
2347,5.91194,3593
2348,5.9115,177147
2349,5.91138,10947
2350,5.91138,174155
2351,5.91108,46158
2352,5.91052,3243
2353,5.90995,38318
2354,5.90995,10156
2355,5.90994,148271
2356,5.90993,159492
2357,5.90988,88513
2358,5.9096,156373
2359,5.90945,831
2360,5.90941,28396
2361,5.90938,16497
2362,5.90916,23950
2363,5.90887,6263
2364,5.90842,313
2365,5.90789,179071
2366,5.90785,99312
2367,5.90758,144761
2368,5.90723,180231
2369,5.90708,66120
2370,5.90657,40276
2371,5.90652,97273
2372,5.90647,229
2373,5.90609,171129
2374,5.90593,816
2375,5.90564,182082
2376,5.9056,173634
2377,5.90553,178613
2378,5.90485,195867
2379,5.90459,5576
2380,5.90453,198190
2381,5.90446,2250
2382,5.90442,72667
2383,5.90429,45134
2384,5.90416,9617
2385,5.90407,172584
2386,5.90405,98085
2387,5.904,13751
2388,5.9037,25727
2389,5.90366,197065
2390,5.90364,75223
2391,5.90331,205125
2392,5.9031,7571
2393,5.90289,202755
2394,5.9027,20782
2395,5.90215,146784
2396,5.90174,58798
2397,5.90139,146130
2398,5.90127,174476
2399,5.9012,196526
2400,5.90112,1717
2401,5.90107,63167
2402,5.90071,3408
2403,5.9003,181960
2404,5.89993,129820
2405,5.89992,18243
2406,5.89919,9675
2407,5.89904,63740
2408,5.89903,21804
2409,5.89892,154428
2410,5.89892,42490
2411,5.8989,171110
2412,5.89887,176262
2413,5.89865,101865
2414,5.89857,55834
2415,5.89831,142
2416,5.89819,34496
2417,5.898,146725
2418,5.89748,1350
2419,5.89708,3828
2420,5.89674,179835
2421,5.89633,3312
2422,5.89592,172242
2423,5.89543,191301
2424,5.89527,17851
2425,5.89527,147623
2426,5.89488,755
2427,5.89485,142063
2428,5.89408,143096
2429,5.89408,55601
2430,5.89404,21373
2431,5.89401,36345
2432,5.89393,136192
2433,5.8939,789
2434,5.89383,134711
2435,5.89308,62225
2436,5.89302,154510
2437,5.89302,192834
2438,5.89268,42244
2439,5.89218,6688
2440,5.89165,69552
2441,5.89137,2363
2442,5.89128,431
2443,5.89089,200171
2444,5.89086,41052
2445,5.89073,38931
2446,5.89012,3895
2447,5.89007,7614
2448,5.89002,197831
2449,5.88984,125048
2450,5.88974,7479
2451,5.88916,139326
2452,5.8891,3730
2453,5.88888,137290
2454,5.88883,29387
2455,5.88876,15889
2456,5.88869,125943
2457,5.88864,4550
2458,5.88824,98918
2459,5.88734,65825
2460,5.88733,163931
2461,5.88719,129090
2462,5.88714,180602
2463,5.88713,186721
2464,5.88705,4854
2465,5.88694,72420
2466,5.88682,2150
2467,5.88681,101682
2468,5.88677,72809
2469,5.88676,8130
2470,5.88669,145012
2471,5.88658,6927
2472,5.8865,91773
2473,5.8863,200924
2474,5.88622,160561
2475,5.88596,12004
2476,5.88585,28044
2477,5.88543,20101
2478,5.8854,64956
2479,5.8852,8515
2480,5.8852,133285
2481,5.88473,302
2482,5.88472,186323
2483,5.8845,146559
2484,5.88445,177965
2485,5.88393,156840
2486,5.88389,29294
2487,5.88383,3137
2488,5.88344,5451
2489,5.88329,68076
2490,5.88323,92643
2491,5.88268,4210
2492,5.88251,3577
2493,5.88172,3208
2494,5.88169,639
2495,5.88169,46782
2496,5.88168,12283
2497,5.88159,4079
2498,5.88158,43320
2499,5.88153,154905
2500,5.88144,159692
2501,5.88137,127312
2502,5.88112,114912
2503,5.88098,65568
2504,5.88088,568
2505,5.88064,2165
2506,5.88035,66855
2507,5.88022,184491
2508,5.87996,55165
2509,5.87988,8229
2510,5.87987,1206
2511,5.87983,57998
2512,5.87962,33495
2513,5.87958,128733
2514,5.87938,147887
2515,5.87929,24947
2516,5.87926,23685
2517,5.87891,31745
2518,5.87886,151151
2519,5.87875,11106
2520,5.8784,2073
2521,5.87822,4173
2522,5.87809,17104
2523,5.87765,41636
2524,5.87765,199793
2525,5.87697,13855
2526,5.87663,3463
2527,5.87652,1705
2528,5.87638,28086
2529,5.87623,181617
2530,5.87616,5825
2531,5.87614,11269
2532,5.87613,42328
2533,5.87612,28218
2534,5.876,4556
2535,5.87554,29805
2536,5.87512,2555
2537,5.87492,56933
2538,5.87475,155702
2539,5.87463,39232
2540,5.87457,38984
2541,5.87397,6203
2542,5.87374,59429
2543,5.87373,206931
2544,5.87355,155025
2545,5.8734,173275
2546,5.87334,89415
2547,5.87318,13084
2548,5.87273,55863
2549,5.87223,8521
2550,5.87208,163976
2551,5.8719,181494
2552,5.87182,13709
2553,5.87181,3125
2554,5.87134,104377
2555,5.87131,159868
2556,5.87129,10814
2557,5.87121,22420
2558,5.87111,3855
2559,5.87111,912
2560,5.87102,6714
2561,5.87099,12171
2562,5.87066,5445
2563,5.87061,870
2564,5.87036,2
2565,5.8703,129976
2566,5.87018,834
2567,5.86985,166158
2568,5.86963,655
2569,5.86946,90041
2570,5.86933,34227
2571,5.86917,4001
2572,5.86893,142262
2573,5.86824,89
2574,5.8682,204574
2575,5.86793,142889
2576,5.86754,6930
2577,5.86749,150783
2578,5.86699,39019
2579,5.86633,164506
2580,5.86632,103339
2581,5.86614,14634
2582,5.86613,205498
2583,5.8661,139508
2584,5.86595,126239
2585,5.86554,9963
2586,5.86529,13123
2587,5.86524,5316
2588,5.86516,165
2589,5.86502,10431
2590,5.86436,3518
2591,5.86403,196496
2592,5.86349,1143
2593,5.86337,118497
2594,5.86302,161297
2595,5.86291,6481
2596,5.86271,686
2597,5.86269,42111
2598,5.86214,192297
2599,5.86197,63539
2600,5.8619,38877
2601,5.86141,101013
2602,5.86119,135262
2603,5.86077,159469
2604,5.86072,122159
2605,5.86066,63196
2606,5.86041,36482
2607,5.86015,700
2608,5.8598,1498
2609,5.85955,43264
2610,5.85921,6541
2611,5.85916,193210
2612,5.8587,248
2613,5.85812,101929
2614,5.85796,2129
2615,5.85788,26447
2616,5.85787,441
2617,5.85763,696
2618,5.85745,1376
2619,5.85711,19989
2620,5.85665,161530
2621,5.85661,28805
2622,5.85647,163920
2623,5.85613,123228
2624,5.8551,136558
2625,5.85483,25294
2626,5.85462,165876
2627,5.85454,76
2628,5.85431,1447
2629,5.85403,173536
2630,5.85402,109548
2631,5.85401,8993
2632,5.85398,7742
2633,5.85372,183896
2634,5.85347,8920
2635,5.85347,8946
2636,5.85321,56796
2637,5.85299,23142
2638,5.8528,108831
2639,5.85254,4505
2640,5.85249,191538
2641,5.8522,169649
2642,5.85213,129556
2643,5.85209,84869
2644,5.8517,159406
2645,5.85148,27532
2646,5.85086,62972
2647,5.85072,188076
2648,5.85051,85000
2649,5.8501,155496
2650,5.85009,171261
2651,5.84984,4205
2652,5.84955,41302
2653,5.84943,6353
2654,5.84941,189848
2655,5.84842,872
2656,5.84839,172971
2657,5.84834,20078
2658,5.84819,38735
2659,5.84816,161926
2660,5.84815,22359
2661,5.84797,123885
2662,5.84797,57073
2663,5.84786,72644
2664,5.84786,136356
2665,5.84781,548
2666,5.84779,7843
2667,5.84771,1496
2668,5.84744,6817
2669,5.84692,706
2670,5.84657,3318
2671,5.84641,114667
2672,5.84615,97875
2673,5.8461,74
2674,5.84597,368
2675,5.84588,28284
2676,5.84582,139147
2677,5.8458,7118
2678,5.84563,114903
2679,5.84559,102610
2680,5.8454,108344
2681,5.84539,147707
2682,5.8453,143994
2683,5.84523,339
2684,5.8452,163056
2685,5.84518,41474
2686,5.84507,310
2687,5.84499,85204
2688,5.8447,16804
2689,5.84451,145642
2690,5.84348,163929
2691,5.84325,3086
2692,5.8431,9829
2693,5.84305,99358
2694,5.84302,144567
2695,5.84292,963
2696,5.84236,4424
2697,5.84216,83325
2698,5.84215,150298
2699,5.84209,153425
2700,5.84202,144388
2701,5.84169,186701
2702,5.84162,1577
2703,5.84156,31506
2704,5.84139,321
2705,5.8412,144325
2706,5.84114,56758
2707,5.84105,66193
2708,5.841,222
2709,5.84094,300
2710,5.84066,5740
2711,5.84063,66190
2712,5.84016,6955
2713,5.84012,124590
2714,5.83991,120669
2715,5.83959,166107
2716,5.83951,1535
2717,5.83943,42444
2718,5.83903,157088
2719,5.83902,146228
2720,5.83869,182116
2721,5.83867,171630
2722,5.83845,200456
2723,5.83805,86156
2724,5.83784,72478
2725,5.83778,35400
2726,5.83743,36314
2727,5.83739,162107
2728,5.83699,103091
2729,5.83698,3061
2730,5.83625,7092
2731,5.83614,176524
2732,5.83597,711
2733,5.83508,6209
2734,5.83503,192947
2735,5.83475,29903
2736,5.83456,73313
2737,5.83418,168839
2738,5.83402,4488
2739,5.83394,621
2740,5.83383,66126
2741,5.83371,30328
2742,5.83365,173092
2743,5.83364,4562
2744,5.83343,145888
2745,5.83327,63758
2746,5.83321,100734
2747,5.83292,126613
2748,5.83288,81250
2749,5.83242,182
2750,5.83228,187687
2751,5.83205,28452
2752,5.83203,184700
2753,5.8316,119632
2754,5.83157,37461
2755,5.83101,14035
2756,5.83066,24770
2757,5.83056,142239
2758,5.83043,153422
2759,5.83031,7086
2760,5.83025,2079
2761,5.83016,30166
2762,5.8301,195227
2763,5.83006,152510
2764,5.82992,17
2765,5.8297,144566
2766,5.82919,29875
2767,5.82892,66781
2768,5.82872,33924
2769,5.82866,180325
2770,5.82845,179350
2771,5.82815,123536
2772,5.82808,69130
2773,5.82802,4958
2774,5.82781,3487
2775,5.82764,118385
2776,5.82763,68603
2777,5.82755,27968
2778,5.8273,173441
2779,5.82714,102
2780,5.82713,177499
2781,5.82702,17988
2782,5.82698,69851
2783,5.82696,172881
2784,5.82693,108161
2785,5.82693,5833
2786,5.82689,9735
2787,5.82673,950
2788,5.82665,137651
2789,5.82646,176606
2790,5.82634,37198
2791,5.8263,1576
2792,5.82628,219513
2793,5.82623,160744
2794,5.82603,115288
2795,5.82602,4401
2796,5.82591,128921
2797,5.82587,178550
2798,5.82505,4921
2799,5.82497,88016
2800,5.82492,117854
2801,5.82479,145308
2802,5.82469,25491
2803,5.82446,3097
2804,5.82441,10183
2805,5.82436,5770
2806,5.82427,27658
2807,5.82405,192120
2808,5.82398,71973
2809,5.82395,539
2810,5.82359,17027
2811,5.82333,18485
2812,5.8231,259
2813,5.82298,2640
2814,5.82294,1678
2815,5.82278,12194
2816,5.82261,130295
2817,5.82254,68260
2818,5.82253,85652
2819,5.82242,21947
2820,5.82179,5369
2821,5.82176,132497
2822,5.82175,176334
2823,5.82167,88126
2824,5.82147,5767
2825,5.82104,204837
2826,5.8206,9606
2827,5.82051,102144
2828,5.82031,748
2829,5.82024,23053
2830,5.82023,1720
2831,5.82018,39932
2832,5.81984,57
2833,5.81958,110102
2834,5.81956,4920
2835,5.81952,20750
2836,5.81946,436
2837,5.81944,123045
2838,5.81936,23919
2839,5.81915,181523
2840,5.81902,6137
2841,5.81899,88594
2842,5.81887,149361
2843,5.81886,13530
2844,5.81854,97
2845,5.8185,90009
2846,5.8184,23995
2847,5.8181,1506
2848,5.81807,11231
2849,5.81793,177727
2850,5.81783,2800
2851,5.81769,16000
2852,5.81766,131246
2853,5.8175,104
2854,5.8169,4753
2855,5.81664,22303
2856,5.81661,140795
2857,5.81649,17923
2858,5.81645,173018
2859,5.81631,2579
2860,5.81628,1448
2861,5.81624,1445
2862,5.81603,96260
2863,5.81592,32424
2864,5.81576,132758
2865,5.81576,150484
2866,5.81573,1379
2867,5.81563,147451
2868,5.8156,7514
2869,5.81543,110331
2870,5.81499,72132
2871,5.81439,193486
2872,5.81418,8126
2873,5.81417,104573
2874,5.81414,4356
2875,5.81387,107148
2876,5.81364,8273
2877,5.81344,192547
2878,5.81341,35369
2879,5.81327,179719
2880,5.81283,132326
2881,5.81271,21779
2882,5.81241,163937
2883,5.8121,94396
2884,5.81205,54735
2885,5.81196,69278
2886,5.81191,169341
2887,5.8119,5511
2888,5.81181,1894
2889,5.81176,168770
2890,5.81175,28739
2891,5.81161,202
2892,5.81153,460
2893,5.81136,109764
2894,5.81134,4974
2895,5.81128,3608
2896,5.81119,161527
2897,5.81092,36325
2898,5.81078,192240
2899,5.81074,65936
2900,5.81062,322
2901,5.81009,135877
2902,5.81008,138166
2903,5.81,279
2904,5.80985,4050
2905,5.8097,13286
2906,5.80967,148729
2907,5.80963,88406
2908,5.80962,161757
2909,5.80949,1992
2910,5.80945,22161
2911,5.80943,73664
2912,5.80926,177875
2913,5.80924,180543
2914,5.80898,19419
2915,5.80886,175222
2916,5.80884,35289
2917,5.80865,1690
2918,5.80844,10934
2919,5.80841,34166
2920,5.80831,147021
2921,5.80821,2154
2922,5.80819,67919
2923,5.80798,129165
2924,5.80795,103184
2925,5.8079,5452
2926,5.80786,32002
2927,5.80774,21358
2928,5.80765,2125
2929,5.80754,29355
2930,5.80748,122913
2931,5.80654,13071
2932,5.80629,141653
2933,5.80615,217372
2934,5.80609,17835
2935,5.80609,38821
2936,5.80606,145219
2937,5.80571,160784
2938,5.80565,10496
2939,5.80562,124622
2940,5.8053,59149
2941,5.80505,132019
2942,5.80492,181329
2943,5.80483,121073
2944,5.8048,161578
2945,5.80474,10641
2946,5.80473,194
2947,5.80454,1413
2948,5.80453,49276
2949,5.80437,3416
2950,5.80424,117838
2951,5.80391,22497
2952,5.80387,192673
2953,5.80387,6738
2954,5.8036,137237
2955,5.80314,651
2956,5.80298,2968
2957,5.8029,139131
2958,5.80269,82
2959,5.80266,93971
2960,5.80197,137095
2961,5.80195,67178
2962,5.80184,3414
2963,5.80154,10501
2964,5.80152,146
2965,5.80151,181440
2966,5.80149,191982
2967,5.80122,118023
2968,5.80109,95613
2969,5.80098,1942
2970,5.80094,203102
2971,5.7999,66982
2972,5.79971,145654
2973,5.79954,9021
2974,5.79933,92363
2975,5.79909,121041
2976,5.79891,132148
2977,5.79887,41090
2978,5.79882,39383
2979,5.79865,132817
2980,5.79849,37296
2981,5.79846,181176
2982,5.79833,24396
2983,5.79832,7103
2984,5.79751,534
2985,5.79746,180761
2986,5.7974,10642
2987,5.79714,72800
2988,5.79714,129614
2989,5.79674,8138
2990,5.79669,11081
2991,5.7966,16320
2992,5.79638,16162
2993,5.79594,15999
2994,5.79573,127282
2995,5.79573,125996
2996,5.79532,21414
2997,5.79511,158544
2998,5.79495,82955
2999,5.79489,264
3000,5.79485,54643
3001,5.79484,163641
3002,5.79479,165877
3003,5.79463,38430
3004,5.79454,79067
3005,5.79438,161681
3006,5.79414,4984
3007,5.79411,83629
3008,5.79403,1927
3009,5.79401,4475
3010,5.794,34
3011,5.79376,21930
3012,5.79366,34010
3013,5.79283,178210
3014,5.79273,25685
3015,5.79269,161943
3016,5.79264,103651
3017,5.79248,145975
3018,5.79244,108018
3019,5.79207,164874
3020,5.79191,67453
3021,5.79133,3573
3022,5.79121,126912
3023,5.79099,205907
3024,5.79083,17997
3025,5.79082,24416
3026,5.79078,186751
3027,5.79059,3095
3028,5.79054,200785
3029,5.79052,1125
3030,5.79026,154880
3031,5.79024,137238
3032,5.79012,1152
3033,5.78999,43
3034,5.78996,200934
3035,5.7897,145014
3036,5.78969,3040
3037,5.78968,32901
3038,5.78955,149097
3039,5.78947,153497
3040,5.78946,182074
3041,5.78942,34659
3042,5.78926,160044
3043,5.78916,75333
3044,5.78912,121423
3045,5.78879,42560
3046,5.78849,63027
3047,5.78798,9139
3048,5.78779,90
3049,5.78773,26983
3050,5.78729,2638
3051,5.78721,127784
3052,5.78704,180901
3053,5.78693,1421
3054,5.78686,3992
3055,5.78679,13089
3056,5.78666,1681
3057,5.78662,2316
3058,5.78645,3218
3059,5.78635,937
3060,5.78633,71593
3061,5.78609,146579
3062,5.786,126
3063,5.78597,54433
3064,5.78582,23981
3065,5.78577,27266
3066,5.78575,13507
3067,5.78571,133405
3068,5.78569,10226
3069,5.78569,149620
3070,5.78556,207062
3071,5.78548,151
3072,5.78529,3321
3073,5.78521,11274
3074,5.7849,719
3075,5.78478,30216
3076,5.78454,1799
3077,5.78425,2580
3078,5.78399,2375
3079,5.78373,1315
3080,5.7835,1669
3081,5.78339,165477
3082,5.78325,19624
3083,5.78322,130827
3084,5.78319,19765
3085,5.78318,12355
3086,5.78313,170901
3087,5.783,5357
3088,5.783,205885
3089,5.78286,63975
3090,5.78276,122943
3091,5.78242,85424
3092,5.78185,10989
3093,5.78167,28907
3094,5.78165,118776
3095,5.78152,217449
3096,5.78149,1309
3097,5.78139,13172
3098,5.78132,38429
3099,5.7811,59936
3100,5.78087,3534
3101,5.78085,126750
3102,5.78083,941
3103,5.78064,147716
3104,5.78018,153639
3105,5.77976,146158
3106,5.77973,160409
3107,5.77973,41762
3108,5.77958,41658
3109,5.77925,163027
3110,5.77906,93541
3111,5.77901,1582
3112,5.77882,13456
3113,5.77871,155460
3114,5.77864,25574
3115,5.77855,8059
3116,5.77851,147299
3117,5.77845,6923
3118,5.77843,87907
3119,5.77835,102181
3120,5.77835,1708
3121,5.77825,2583
3122,5.7782,40761
3123,5.77817,450
3124,5.77808,137154
3125,5.77793,10206
3126,5.77759,10653
3127,5.77753,2063
3128,5.77738,38553
3129,5.77735,209325
3130,5.77704,162865
3131,5.7769,12830
3132,5.77662,28185
3133,5.77656,344
3134,5.77654,5297
3135,5.77625,7290
3136,5.77616,668
3137,5.77611,3597
3138,5.77583,250
3139,5.77514,884
3140,5.77508,137900
3141,5.77505,175334
3142,5.7746,191579
3143,5.77454,121764
3144,5.77453,3495
3145,5.77412,16373
3146,5.77396,67917
3147,5.77396,1796
3148,5.77388,146149
3149,5.77383,3586
3150,5.77375,1982
3151,5.77361,144743
3152,5.77252,31897
3153,5.77247,109451
3154,5.77218,4453
3155,5.77189,23010
3156,5.7718,175695
3157,5.7718,22485
3158,5.77162,25775
3159,5.77156,3412
3160,5.7715,393
3161,5.77117,26148
3162,5.77112,161108
3163,5.77103,27965
3164,5.77098,173460
3165,5.77091,23779
3166,5.7705,5680
3167,5.77049,147363
3168,5.77043,5677
3169,5.77038,122890
3170,5.77034,165004
3171,5.77031,3083
3172,5.77029,182619
3173,5.7702,176435
3174,5.77013,172896
3175,5.76962,36597
3176,5.76954,1883
3177,5.76953,153728
3178,5.76951,61028
3179,5.7693,56995
3180,5.76921,33732
3181,5.76912,110286
3182,5.76878,198454
3183,5.76843,27117
3184,5.76843,203204
3185,5.76841,170225
3186,5.76801,1203
3187,5.76793,33150
3188,5.7673,15261
3189,5.76713,316
3190,5.76691,17857
3191,5.76689,31697
3192,5.76647,89668
3193,5.7661,1549
3194,5.76596,144574
3195,5.76592,192927
3196,5.76587,117663
3197,5.76575,99630
3198,5.76568,34639
3199,5.76536,41833
3200,5.76526,13403
3201,5.76469,30641
3202,5.76456,308
3203,5.76445,27101
3204,5.76444,147999
3205,5.76425,8935
3206,5.76412,182120
3207,5.76411,54507
3208,5.764,178044
3209,5.76391,5455
3210,5.76388,71668
3211,5.76381,718
3212,5.76377,459
3213,5.76364,133437
3214,5.76356,1693
3215,5.76328,163163
3216,5.76234,206150
3217,5.76229,8719
3218,5.7622,12282
3219,5.76218,515
3220,5.76211,21022
3221,5.76201,3279
3222,5.76197,150016
3223,5.76194,4
3224,5.76184,123185
3225,5.76179,193953
3226,5.76171,43691
3227,5.76122,1674
3228,5.76114,30024
3229,5.76102,166776
3230,5.76082,16805
3231,5.76045,379
3232,5.76032,10527
3233,5.76012,11159
3234,5.75997,3613
3235,5.75996,1536
3236,5.75985,25008
3237,5.75985,157912
3238,5.75941,10662
3239,5.7593,270
3240,5.75929,147370
3241,5.75927,110870
3242,5.75915,2872
3243,5.75911,98443
3244,5.7591,814
3245,5.75897,158837
3246,5.75895,1783
3247,5.75893,111081
3248,5.75885,2667
3249,5.75881,12157
3250,5.75879,130552
3251,5.75874,147614
3252,5.75855,149910
3253,5.75842,144525
3254,5.7584,149787
3255,5.75828,194523
3256,5.75827,158168
3257,5.75817,172613
3258,5.7581,158534
3259,5.75787,458
3260,5.75784,1823
3261,5.75768,923
3262,5.75761,187104
3263,5.75754,194230
3264,5.7575,65334
3265,5.75742,16443
3266,5.75686,127920
3267,5.75652,1339
3268,5.75643,330
3269,5.75636,38986
3270,5.75632,167298
3271,5.75612,82402
3272,5.75607,133534
3273,5.75596,5869
3274,5.75579,189192
3275,5.75558,20195
3276,5.75551,158130
3277,5.75535,172540
3278,5.75522,5711
3279,5.75521,124390
3280,5.75511,562
3281,5.75509,103368
3282,5.75505,90474
3283,5.75503,1197
3284,5.75497,171492
3285,5.75493,20646
3286,5.75488,124545
3287,5.75478,3710
3288,5.75476,127561
3289,5.75473,1668
3290,5.75435,38873
3291,5.75433,147305
3292,5.75426,64220
3293,5.75423,34747
3294,5.7542,29678
3295,5.75416,208775
3296,5.75415,48
3297,5.75409,18723
3298,5.75407,426
3299,5.75402,11161
3300,5.754,112598
3301,5.75395,85105
3302,5.75373,3003
3303,5.75372,171339
3304,5.75371,180591
3305,5.75366,144526
3306,5.75362,5478
3307,5.75341,178940
3308,5.75319,65313
3309,5.75304,27298
3310,5.75278,5222
3311,5.75232,34169
3312,5.75222,194723
3313,5.75199,697
3314,5.75167,14860
3315,5.75157,104640
3316,5.75153,181501
3317,5.75142,766
3318,5.75141,623
3319,5.75141,173504
3320,5.75105,124047
3321,5.751,2447
3322,5.75094,18932
3323,5.75087,32129
3324,5.75079,129293
3325,5.75062,151275
3326,5.75037,2448
3327,5.75018,130680
3328,5.74992,86177
3329,5.74986,155042
3330,5.74984,170300
3331,5.74972,6508
3332,5.74961,5985
3333,5.74958,123844
3334,5.74942,11182
3335,5.7492,111173
3336,5.74919,31621
3337,5.74918,145186
3338,5.74868,13266
3339,5.74837,34334
3340,5.74834,2168
3341,5.74817,5243
3342,5.7481,1631
3343,5.74808,188920
3344,5.74798,189350
3345,5.74793,160567
3346,5.74782,4324
3347,5.7476,98762
3348,5.74753,4388
3349,5.74748,52568
3350,5.74728,2371
3351,5.74723,15474
3352,5.74713,6931
3353,5.74699,172062
3354,5.74698,169275
3355,5.74693,134150
3356,5.74664,25738
3357,5.74642,5233
3358,5.74619,102897
3359,5.74616,8017
3360,5.74612,66613
3361,5.74606,8192
3362,5.74597,155827
3363,5.74591,159141
3364,5.74557,100169
3365,5.74531,144492
3366,5.74531,15045
3367,5.74527,4008
3368,5.74516,41934
3369,5.74489,13511
3370,5.74466,152847
3371,5.74462,145103
3372,5.74444,3864
3373,5.74432,46323
3374,5.74419,126000
3375,5.74419,36986
3376,5.74402,149896
3377,5.74359,366
3378,5.74357,4637
3379,5.74353,130911
3380,5.7434,2114
3381,5.74312,125315
3382,5.74298,4106
3383,5.74284,40234
3384,5.74248,9342
3385,5.74239,33759
3386,5.74209,2611
3387,5.74199,40816
3388,5.74195,56320
3389,5.74172,188178
3390,5.74171,40935
3391,5.74153,22677
3392,5.74149,3383
3393,5.74139,174518
3394,5.74123,5306
3395,5.74119,166202
3396,5.74106,163377
3397,5.74106,166372
3398,5.74099,58329
3399,5.74087,26946
3400,5.74069,157322
3401,5.7406,864
3402,5.7404,3563
3403,5.74013,9804
3404,5.74007,38275
3405,5.74007,4493
3406,5.73988,129359
3407,5.7397,173115
3408,5.73966,1644
3409,5.73964,3119
3410,5.73953,176146
3411,5.73928,57141
3412,5.73925,40
3413,5.73906,23348
3414,5.73906,2259
3415,5.73878,29379
3416,5.73872,172969
3417,5.73871,32990
3418,5.73849,34871
3419,5.73843,30958
3420,5.73816,12897
3421,5.73793,820
3422,5.73778,19187
3423,5.73775,126242
3424,5.73768,6202
3425,5.73736,176980
3426,5.73736,151835
3427,5.73734,8096
3428,5.73716,145
3429,5.73693,163172
3430,5.7369,55763
3431,5.73667,12055
3432,5.73657,173486
3433,5.73644,5217
3434,5.73626,5614
3435,5.73621,135215
3436,5.73591,69136
3437,5.73588,99130
3438,5.73577,637
3439,5.73572,56128
3440,5.73567,5791
3441,5.73564,25605
3442,5.73563,29140
3443,5.73562,181290
3444,5.73554,37906
3445,5.73537,200726
3446,5.73527,2960
3447,5.73526,181161
3448,5.73523,9615
3449,5.73507,87
3450,5.73506,128412
3451,5.73493,4769
3452,5.73482,143882
3453,5.73455,132620
3454,5.73451,150013
3455,5.73444,85108
3456,5.73444,5635
3457,5.73441,980
3458,5.73428,196305
3459,5.73427,185374
3460,5.73427,3093
3461,5.73422,187679
3462,5.73422,13347
3463,5.73408,154600
3464,5.73406,43578
3465,5.73398,142085
3466,5.73397,55705
3467,5.73394,129156
3468,5.73385,99459
3469,5.7336,1520
3470,5.7336,1803
3471,5.73343,40235
3472,5.73338,3044
3473,5.7333,99437
3474,5.73325,180263
3475,5.73319,67601
3476,5.73307,8325
3477,5.73294,5255
3478,5.73287,38778
3479,5.73279,103670
3480,5.73276,108665
3481,5.73254,2224
3482,5.73235,92852
3483,5.73217,566
3484,5.73196,16933
3485,5.73196,90190
3486,5.73191,108637
3487,5.73187,58624
3488,5.73181,1412
3489,5.73162,121657
3490,5.73144,747
3491,5.73136,75828
3492,5.73117,35964
3493,5.73092,1275
3494,5.73068,12898
3495,5.73061,951
3496,5.73044,311
3497,5.7303,189869
3498,5.73027,129945
3499,5.72997,66437
3500,5.7299,150485
3501,5.72969,163175
3502,5.72963,175088
3503,5.72945,40243
3504,5.72939,67593
3505,5.72938,162351
3506,5.72901,204675
3507,5.72893,30483
3508,5.72877,27817
3509,5.72875,175961
3510,5.72868,1313
3511,5.72838,25695
3512,5.72831,6117
3513,5.72828,2891
3514,5.72826,171672
3515,5.72806,166988
3516,5.72791,34701
3517,5.7277,146818
3518,5.72746,39088
3519,5.72732,847
3520,5.72729,18794
3521,5.72714,216403
3522,5.72711,189222
3523,5.72699,2324
3524,5.72687,205867
3525,5.72678,42651
3526,5.72672,193322
3527,5.7266,139443
3528,5.72643,53624
3529,5.72639,499
3530,5.72637,895
3531,5.72636,2759
3532,5.72598,2076
3533,5.72585,194232
3534,5.72552,24511
3535,5.72517,107635
3536,5.72504,20077
3537,5.7249,121409
3538,5.72489,203270
3539,5.72482,40432
3540,5.7244,1702
3541,5.72438,164237
3542,5.72431,63
3543,5.72423,350
3544,5.7242,71272
3545,5.72407,5686
3546,5.72406,5071
3547,5.72394,720
3548,5.72394,38391
3549,5.72373,4255
3550,5.7237,1233
3551,5.72355,199493
3552,5.72345,173649
3553,5.72337,4610
3554,5.72336,125658
3555,5.72333,172560
3556,5.72331,69234
3557,5.72324,67199
3558,5.72322,129204
3559,5.72306,67148
3560,5.72304,30324
3561,5.72296,129382
3562,5.7229,36739
3563,5.72288,144988
3564,5.72271,130006
3565,5.7222,853
3566,5.72213,153709
3567,5.72208,11104
3568,5.72207,27766
3569,5.72205,192343
3570,5.722,22479
3571,5.72199,22465
3572,5.72189,17465
3573,5.72174,6431
3574,5.72166,39635
3575,5.72159,12134
3576,5.72148,30878
3577,5.72146,35423
3578,5.72135,159143
3579,5.72133,7251
3580,5.72132,2542
3581,5.72129,1583
3582,5.72118,11705
3583,5.72115,38980
3584,5.7211,168215
3585,5.72085,148231
3586,5.72085,66076
3587,5.72076,145493
3588,5.72073,159910
3589,5.72065,21709
3590,5.72049,147624
3591,5.72026,4086
3592,5.72016,193693
3593,5.72015,138963
3594,5.72012,13337
3595,5.72006,76247
3596,5.71999,87200
3597,5.71983,121958
3598,5.71979,5251
3599,5.71976,19727
3600,5.71958,26459
3601,5.71934,56294
3602,5.71923,165404
3603,5.71922,175495
3604,5.71883,124490
3605,5.71882,6607
3606,5.71874,5699
3607,5.71865,26156
3608,5.71859,103877
3609,5.71855,35634
3610,5.71835,182094
3611,5.71808,62922
3612,5.718,207330
3613,5.71793,10623
3614,5.71781,2252
3615,5.71766,2678
3616,5.71765,41612
3617,5.71759,6226
3618,5.71747,6191
3619,5.71731,17526
3620,5.71717,141067
3621,5.71712,143782
3622,5.71688,110868
3623,5.71687,89342
3624,5.71664,490
3625,5.71646,153905
3626,5.71645,196306
3627,5.71644,118337
3628,5.71639,138104
3629,5.71637,4102
3630,5.71633,33767
3631,5.71599,99078
3632,5.71592,8316
3633,5.71589,63395
3634,5.71572,188991
3635,5.71561,38387
3636,5.71558,31449
3637,5.71557,42731
3638,5.71541,139572
3639,5.71536,183578
3640,5.71522,160908
3641,5.71504,6657
3642,5.71499,139897
3643,5.71483,3190
3644,5.71474,197439
3645,5.71468,17162
3646,5.71447,14258
3647,5.71446,2281
3648,5.71442,4014
3649,5.71438,4368
3650,5.71435,201455
3651,5.71431,170537
3652,5.71405,164158
3653,5.71383,158742
3654,5.71378,213492
3655,5.71361,171278
3656,5.71361,176817
3657,5.71349,152567
3658,5.7134,27940
3659,5.71327,39941
3660,5.71305,64
3661,5.7129,4884
3662,5.71282,41875
3663,5.71264,7176
3664,5.71258,203740
3665,5.71258,11886
3666,5.71253,35438
3667,5.71246,39332
3668,5.71238,141419
3669,5.71234,206915
3670,5.71234,136587
3671,5.71224,108377
3672,5.71214,199904
3673,5.71207,33785
3674,5.71205,172073
3675,5.71195,12899
3676,5.71184,89695
3677,5.71154,194100
3678,5.71147,126021
3679,5.71137,215437
3680,5.71124,3339
3681,5.71123,12488
3682,5.71116,169530
3683,5.711,25213
3684,5.71096,75782
3685,5.71094,164354
3686,5.71093,10523
3687,5.7109,43526
3688,5.71087,128218
3689,5.71086,12188
3690,5.7107,193651
3691,5.71066,38471
3692,5.71063,35293
3693,5.71052,171356
3694,5.7105,8222
3695,5.71039,200834
3696,5.71036,23827
3697,5.71032,10789
3698,5.71019,170146
3699,5.71016,43249
3700,5.7099,15209
3701,5.70988,4226
3702,5.70988,180193
3703,5.70951,29411
3704,5.70942,20889
3705,5.70917,8066
3706,5.7088,31808
3707,5.70856,7138
3708,5.70853,12567
3709,5.70848,102690
3710,5.70831,4667
3711,5.7083,137872
3712,5.70827,574
3713,5.70813,3836
3714,5.70786,172662
3715,5.70765,38805
3716,5.70753,67693
3717,5.70749,669
3718,5.70741,178007
3719,5.7071,473
3720,5.70683,4643
3721,5.70675,145205
3722,5.70671,42396
3723,5.70664,29456
3724,5.70663,195242
3725,5.70658,198287
3726,5.70643,5281
3727,5.70636,177490
3728,5.70627,46422
3729,5.70598,191438
3730,5.70583,118293
3731,5.70565,174260
3732,5.70545,3595
3733,5.70544,165563
3734,5.70543,165556
3735,5.7054,33077
3736,5.70534,179245
3737,5.70528,274
3738,5.70524,8887
3739,5.70512,194196
3740,5.70511,40491
3741,5.7051,21436
3742,5.705,76883
3743,5.70495,4485
3744,5.70486,121993
3745,5.70472,8798
3746,5.70467,131904
3747,5.70457,192351
3748,5.70434,153238
3749,5.70428,181122
3750,5.70427,280
3751,5.70422,15410
3752,5.70415,18931
3753,5.7041,129010
3754,5.70402,8495
3755,5.70382,138614
3756,5.70372,168700
3757,5.70368,2379
3758,5.70328,2464
3759,5.70325,131581
3760,5.70324,2422
3761,5.70311,2396
3762,5.70308,147568
3763,5.70303,15167
3764,5.70296,17991
3765,5.70285,37257
3766,5.70283,181811
3767,5.70277,163354
3768,5.7026,128938
3769,5.70259,86415
3770,5.70258,214996
3771,5.70251,178896
3772,5.70237,33172
3773,5.70235,11122
3774,5.70226,133747
3775,5.70223,193483
3776,5.7021,65990
3777,5.702,26458
3778,5.70195,23917
3779,5.7018,103061
3780,5.70164,35476
3781,5.70161,144479
3782,5.70143,91666
3783,5.70141,33155
3784,5.70129,148083
3785,5.70127,79282
3786,5.70121,2254
3787,5.70113,12318
3788,5.70109,3177
3789,5.70107,128204
3790,5.70094,1533
3791,5.70094,205896
3792,5.70089,4454
3793,5.70087,165595
3794,5.70083,176
3795,5.70079,114684
3796,5.70077,163399
3797,5.70073,193668
3798,5.70072,122599
3799,5.70057,191986
3800,5.70033,159209
3801,5.70031,135508
3802,5.7001,23928
3803,5.70006,184866
3804,5.69989,174402
3805,5.69979,74102
3806,5.69951,289
3807,5.69946,29017
3808,5.69942,20228
3809,5.69908,43365
3810,5.69905,22948
3811,5.69893,11582
3812,5.6988,31853
3813,5.69864,145393
3814,5.69855,18400
3815,5.69842,1202
3816,5.69816,7453
3817,5.69815,118703
3818,5.69813,38364
3819,5.69782,184919
3820,5.69779,1509
3821,5.6977,277
3822,5.69763,16362
3823,5.69755,661
3824,5.69746,5941
3825,5.69743,3711
3826,5.6974,11865
3827,5.69737,78
3828,5.69737,87120
3829,5.69731,147104
3830,5.69727,55679
3831,5.69722,85800
3832,5.6972,8069
3833,5.69715,18747
3834,5.69705,12248
3835,5.69705,170202
3836,5.69695,158970
3837,5.69686,7844
3838,5.69684,207208
3839,5.69678,1463
3840,5.6967,40550
3841,5.69661,2072
3842,5.6966,217083
3843,5.69649,476
3844,5.69647,2471
3845,5.69643,92644
3846,5.69641,144728
3847,5.6964,1149
3848,5.69637,4346
3849,5.69636,4275
3850,5.69634,137744
3851,5.69632,83197
3852,5.69629,2574
3853,5.69624,91671
3854,5.69622,145475
3855,5.69606,37739
3856,5.69605,154892
3857,5.69595,76207
3858,5.6959,148531
3859,5.6959,10908
3860,5.69589,206490
3861,5.69578,99808
3862,5.69557,192401
3863,5.69544,3226
3864,5.6953,8284
3865,5.69521,121615
3866,5.69517,7719
3867,5.6951,117995
3868,5.69502,94373
3869,5.69501,172965
3870,5.69495,113
3871,5.69495,66665
3872,5.69487,210
3873,5.69485,65272
3874,5.69475,42448
3875,5.69474,170669
3876,5.69474,166109
3877,5.69472,3110
3878,5.69461,131332
3879,5.69455,142503
3880,5.69449,29383
3881,5.69447,14039
3882,5.69445,147206
3883,5.69438,14054
3884,5.69432,35599
3885,5.69426,507
3886,5.69425,840
3887,5.69418,10682
3888,5.69412,137
3889,5.69393,359
3890,5.69387,137406
3891,5.69385,909
3892,5.69369,1070
3893,5.69346,6642
3894,5.69346,106753
3895,5.6933,7824
3896,5.69326,127981
3897,5.69325,11437
3898,5.69318,1525
3899,5.69305,20266
3900,5.69295,27306
3901,5.69294,67
3902,5.69288,2860
3903,5.6928,94731
3904,5.69269,18946
3905,5.69262,1358
3906,5.69258,6767
3907,5.6923,96
3908,5.69225,2853
3909,5.69216,131232
3910,5.69215,144632
3911,5.69203,36424
3912,5.69177,8812
3913,5.69174,11432
3914,5.69173,72285
3915,5.6917,841
3916,5.69167,57759
3917,5.69156,145599
3918,5.69153,26138
3919,5.69141,162591
3920,5.69119,41100
3921,5.69106,181404
3922,5.69105,142924
3923,5.69101,128011
3924,5.69089,12764
3925,5.69072,4244
3926,5.6906,68188
3927,5.69032,1695
3928,5.69032,12131
3929,5.69018,8711
3930,5.69,67361
3931,5.68984,158982
3932,5.68977,5394
3933,5.68971,4928
3934,5.68967,165346
3935,5.68962,177702
3936,5.68959,6495
3937,5.68957,1371
3938,5.6895,204472
3939,5.6894,2536
3940,5.68932,150761
3941,5.68927,31542
3942,5.68924,37589
3943,5.68914,135
3944,5.68912,128537
3945,5.68911,352
3946,5.68903,2211
3947,5.68901,40258
3948,5.68899,4200
3949,5.68881,102681
3950,5.68863,174182
3951,5.6886,33911
3952,5.68856,99097
3953,5.68848,5504
3954,5.68842,4522
3955,5.68837,93819
3956,5.68831,1713
3957,5.68824,154125
3958,5.68822,155495
3959,5.68821,177697
3960,5.68798,88871
3961,5.68788,164027
3962,5.68785,154939
3963,5.68783,9386
3964,5.68783,206754
3965,5.68779,168232
3966,5.68765,6627
3967,5.68759,58886
3968,5.68755,31575
3969,5.68752,312
3970,5.68751,174192
3971,5.68745,66798
3972,5.68743,162114
3973,5.68743,5171
3974,5.68725,154479
3975,5.68716,440
3976,5.68706,160432
3977,5.68695,869
3978,5.68695,867
3979,5.68685,18115
3980,5.68674,158812
3981,5.68672,66125
3982,5.68661,793
3983,5.68653,191055
3984,5.68628,128137
3985,5.68621,174093
3986,5.68619,36297
3987,5.68587,2613
3988,5.68584,2919
3989,5.68571,828
3990,5.68544,155636
3991,5.68533,18057
3992,5.68532,24410
3993,5.68524,988
3994,5.68513,3692
3995,5.68511,4613
3996,5.68499,1072
3997,5.68496,4839
3998,5.68495,154902
3999,5.6849,7218
4000,5.68489,1965
4001,5.68489,13728
4002,5.68475,88253
4003,5.68459,27574
4004,5.68451,122691
4005,5.68439,103235
4006,5.68435,2794
4007,5.68432,39939
4008,5.6841,82424
4009,5.68408,2938
4010,5.68405,62030
4011,5.68404,2838
4012,5.684,150294
4013,5.68393,82272
4014,5.68382,91010
4015,5.68381,1380
4016,5.68378,157323
4017,5.68361,183797
4018,5.68359,152241
4019,5.68335,202732
4020,5.68302,376
4021,5.68289,135888
4022,5.68279,13016
4023,5.68266,159515
4024,5.68262,27490
4025,5.68254,2610
4026,5.6825,7634
4027,5.68245,156786
4028,5.68237,159446
4029,5.68237,38026
4030,5.68233,67285
4031,5.68232,102835
4032,5.68227,112991
4033,5.68224,710
4034,5.68221,23935
4035,5.68216,181370
4036,5.68208,17536
4037,5.68191,10559
4038,5.68191,8957
4039,5.68191,14007
4040,5.68187,158991
4041,5.68178,22864
4042,5.68177,147883
4043,5.68162,200551
4044,5.68147,156007
4045,5.68144,185378
4046,5.68141,172225
4047,5.68135,143680
4048,5.68135,2268
4049,5.68124,6861
4050,5.68115,131121
4051,5.68114,173759
4052,5.68106,4228
4053,5.68098,17922
4054,5.68093,104575
4055,5.68082,146035
4056,5.68081,8939
4057,5.68054,158100
4058,5.68052,112381
4059,5.68026,6752
4060,5.68026,1098
4061,5.68024,2944
4062,5.68019,120447
4063,5.68019,31554
4064,5.68016,1566
4065,5.67999,5476
4066,5.67995,173805
4067,5.6799,123129
4068,5.67989,62814
4069,5.6798,104805
4070,5.67978,18975
4071,5.67958,5393
4072,5.6795,65814
4073,5.67946,151251
4074,5.67943,138317
4075,5.67938,66608
4076,5.67933,37184
4077,5.67927,173804
4078,5.6792,191877
4079,5.67917,10707
4080,5.67915,5772
4081,5.67876,158564
4082,5.67876,18606
4083,5.67874,145501
4084,5.6787,147171
4085,5.67867,4642
4086,5.67863,427
4087,5.67857,17654
4088,5.67841,2090
4089,5.6783,7215
4090,5.67826,3242
4091,5.67821,10679
4092,5.67798,1519
4093,5.67792,146880
4094,5.67791,178147
4095,5.67781,751
4096,5.67778,176596
4097,5.67776,133835
4098,5.67767,4288
4099,5.67757,17030
4100,5.67746,158973
4101,5.67739,2665
4102,5.6772,5698
4103,5.67711,108783
4104,5.67709,608
4105,5.67709,36480
4106,5.67707,41033
4107,5.67706,4831
4108,5.67694,94331
4109,5.67681,2904
4110,5.67674,203828
4111,5.67657,144150
4112,5.67652,10681
4113,5.67644,7755
4114,5.67641,127188
4115,5.67631,131568
4116,5.67621,118410
4117,5.67613,94365
4118,5.67612,185380
4119,5.67591,1145
4120,5.67588,159581
4121,5.67584,15235
4122,5.67584,536
4123,5.67581,1472
4124,5.67578,182218
4125,5.67564,159355
4126,5.67549,40370
4127,5.67539,99219
4128,5.67539,181867
4129,5.67533,145928
4130,5.67523,11202
4131,5.67523,22472
4132,5.67517,404
4133,5.6751,73650
4134,5.67498,61269
4135,5.67491,145722
4136,5.67486,34098
4137,5.67478,40483
4138,5.67468,67309
4139,5.67465,2520
4140,5.67464,25182
4141,5.67457,166280
4142,5.67447,97094
4143,5.6744,179259
4144,5.67436,64897
4145,5.67427,10904
4146,5.67426,140612
4147,5.67415,129946
4148,5.67401,71886
4149,5.67401,1782
4150,5.67389,185381
4151,5.67387,138105
4152,5.67387,185021
4153,5.67383,36
4154,5.67373,97939
4155,5.67369,13597
4156,5.67367,154804
4157,5.67356,178153
4158,5.67351,216658
4159,5.67341,127839
4160,5.67339,129091
4161,5.67334,119899
4162,5.67331,12141
4163,5.67304,1831
4164,5.67282,30057
4165,5.67282,195296
4166,5.67265,1633
4167,5.67256,1814
4168,5.67244,1302
4169,5.67241,42997
4170,5.67227,171037
4171,5.67216,142197
4172,5.67208,10964
4173,5.67199,176963
4174,5.67198,156976
4175,5.6719,162041
4176,5.67186,32149
4177,5.67181,3341
4178,5.6718,5687
4179,5.67167,174893
4180,5.67157,7263
4181,5.6715,38904
4182,5.67118,125493
4183,5.67114,27802
4184,5.67105,40941
4185,5.67072,175989
4186,5.6707,41837
4187,5.67057,6251
4188,5.67033,170437
4189,5.67032,9962
4190,5.67032,134
4191,5.67028,112192
4192,5.67026,83068
4193,5.67026,158392
4194,5.67023,79068
4195,5.67023,42713
4196,5.67018,24933
4197,5.67009,1835
4198,5.67003,224316
4199,5.67,2543
4200,5.67,161965
4201,5.66992,4532
4202,5.66992,147768
4203,5.66988,193867
4204,5.66968,15274
4205,5.66963,129380
4206,5.6695,37441
4207,5.66946,162315
4208,5.66937,111069
4209,5.66933,2353
4210,5.66929,4980
4211,5.66923,12071
4212,5.66916,66080
4213,5.66893,22378
4214,5.66892,8553
4215,5.66885,4085
4216,5.66882,17863
4217,5.66878,192185
4218,5.6686,17533
4219,5.66859,113567
4220,5.66839,165657
4221,5.66833,2780
4222,5.66828,186279
4223,5.66826,18781
4224,5.66825,4991
4225,5.66814,2298
4226,5.66805,181328
4227,5.66803,172507
4228,5.66799,26118
4229,5.66797,119804
4230,5.66796,142687
4231,5.66781,140638
4232,5.66774,150364
4233,5.66771,29198
4234,5.6677,166859
4235,5.66768,40759
4236,5.66763,93194
4237,5.6676,138338
4238,5.66727,3411
4239,5.66712,181265
4240,5.6671,147240
4241,5.66709,163097
4242,5.66707,11733
4243,5.66696,60029
4244,5.66691,602
4245,5.6668,109
4246,5.6668,105199
4247,5.66673,39345
4248,5.66671,8232
4249,5.6667,189294
4250,5.66667,63743
4251,5.66657,15827
4252,5.66655,28037
4253,5.66655,190400
4254,5.66654,172362
4255,5.66653,32171
4256,5.66652,6554
4257,5.66641,223619
4258,5.6664,6253
4259,5.66631,9202
4260,5.66626,164205
4261,5.66621,1329
4262,5.66619,1253
4263,5.66618,3679
4264,5.66614,2123
4265,5.66601,21469
4266,5.66588,9132
4267,5.66585,799
4268,5.66583,4318
4269,5.66583,38858
4270,5.66579,3852
4271,5.66564,140163
4272,5.66558,84834
4273,5.66558,736
4274,5.66557,76436
4275,5.66555,137500
4276,5.66545,131241
4277,5.6654,142401
4278,5.66528,170825
4279,5.66523,76203
4280,5.66517,7338
4281,5.66514,162152
4282,5.66505,107861
4283,5.66505,549
4284,5.66502,152851
4285,5.66501,28302
4286,5.66497,108157
4287,5.66497,169366
4288,5.66495,28705
4289,5.6649,156719
4290,5.66479,1471
4291,5.66479,153991
4292,5.66467,25314
4293,5.66464,1449
4294,5.66462,197455
4295,5.6646,136245
4296,5.66457,183447
4297,5.66451,99479
4298,5.66437,17395
4299,5.66431,6551
4300,5.66418,145086
4301,5.66414,4113
4302,5.66414,29952
4303,5.66405,57803
4304,5.66402,7483
4305,5.66395,21854
4306,5.66393,156096
4307,5.66388,16177
4308,5.66383,9556
4309,5.66379,11436
4310,5.66375,36596
4311,5.66369,62214
4312,5.66364,12875
4313,5.66364,5829
4314,5.66354,95386
4315,5.66349,12622
4316,5.66344,12533
4317,5.66342,22604
4318,5.66339,37383
4319,5.66337,301
4320,5.66336,24935
4321,5.66329,20761
4322,5.66329,103469
4323,5.66325,39210
4324,5.66312,181325
4325,5.663,129710
4326,5.66299,29638
4327,5.6629,148975
4328,5.66288,2091
4329,5.6628,4657
4330,5.66276,145424
4331,5.66274,98739
4332,5.66268,11967
4333,5.66263,1591
4334,5.66261,220308
4335,5.66254,35801
4336,5.66242,175510
4337,5.66237,158237
4338,5.66224,152952
4339,5.66218,128425
4340,5.66202,160436
4341,5.66178,1157
4342,5.66177,184372
4343,5.66174,21704
4344,5.66162,35865
4345,5.66153,46362
4346,5.6615,206471
4347,5.66146,9346
4348,5.66141,56880
4349,5.66131,72204
4350,5.66127,141735
4351,5.66121,68250
4352,5.66108,161620
4353,5.66085,140997
4354,5.6608,135796
4355,5.66071,34152
4356,5.66067,91817
4357,5.66066,2844
4358,5.66063,5042
4359,5.66051,180179
4360,5.66043,169697
4361,5.66043,34829
4362,5.66034,7576
4363,5.6603,142432
4364,5.66025,146943
4365,5.66024,1014
4366,5.66021,55911
4367,5.66003,136890
4368,5.66002,152846
4369,5.66,75441
4370,5.65995,7975
4371,5.65991,4201
4372,5.65991,51195
4373,5.65974,191543
4374,5.65971,42105
4375,5.65955,2742
4376,5.65953,7662
4377,5.65953,171136
4378,5.65953,205831
4379,5.65952,139032
4380,5.65947,70916
4381,5.65941,198619
4382,5.65937,154895
4383,5.65933,2301
4384,5.6592,3133
4385,5.65919,198611
4386,5.65916,6569
4387,5.6591,164159
4388,5.65909,5034
4389,5.65903,199780
4390,5.65887,131393
4391,5.65883,191038
4392,5.65863,66986
4393,5.65857,25537
4394,5.65854,23757
4395,5.65854,18824
4396,5.65846,9149
4397,5.65835,8320
4398,5.6583,188188
4399,5.65819,1901
4400,5.65813,160853
4401,5.65804,10659
4402,5.65801,38703
4403,5.6579,192455
4404,5.65788,161761
4405,5.65785,10164
4406,5.65781,140101
4407,5.65772,1794
4408,5.65768,263
4409,5.6576,153480
4410,5.65759,100473
4411,5.65758,8782
4412,5.65746,4425
4413,5.6574,13254
4414,5.65739,172206
4415,5.65739,9288
4416,5.65738,165748
4417,5.65725,5242
4418,5.65723,184371
4419,5.65723,19878
4420,5.65722,191387
4421,5.65718,23263
4422,5.65713,5410
4423,5.65707,27938
4424,5.65706,131261
4425,5.65702,168537
4426,5.65695,7976
4427,5.65693,54221
4428,5.65689,7114
4429,5.65676,55158
4430,5.65674,101796
4431,5.65669,170909
4432,5.6566,9354
4433,5.65659,35477
4434,5.65654,18887
4435,5.65638,154857
4436,5.65638,98122
4437,5.65634,108430
4438,5.65634,68199
4439,5.65633,199881
4440,5.65631,181120
4441,5.65631,185709
4442,5.65619,4289
4443,5.65607,37362
4444,5.65601,27823
4445,5.656,20082
4446,5.65599,3765
4447,5.65599,26054
4448,5.65597,66116
4449,5.6558,131183
4450,5.65579,27736
4451,5.65578,8139
4452,5.65577,836
4453,5.65566,8630
4454,5.65562,843
4455,5.65559,70532
4456,5.65555,53103
4457,5.65549,187289
4458,5.65548,166569
4459,5.65543,176564
4460,5.65538,161533
4461,5.65528,204599
4462,5.65528,155802
4463,5.65507,192334
4464,5.655,9296
4465,5.65488,23931
4466,5.65481,37794
4467,5.65478,25409
4468,5.6547,26745
4469,5.65462,2179
4470,5.6546,93400
4471,5.65455,100172
4472,5.65453,2997
4473,5.65449,5928
4474,5.65448,6928
4475,5.65445,1257
4476,5.6544,2443
4477,5.65438,150014
4478,5.65437,77011
4479,5.65433,144382
4480,5.65426,4292
4481,5.65417,39045
4482,5.65407,796
4483,5.65393,8790
4484,5.65393,190232
4485,5.65368,6352
4486,5.65361,86128
4487,5.65347,35706
4488,5.65342,199076
4489,5.6534,37738
4490,5.65337,202288
4491,5.65336,44614
4492,5.65326,197072
4493,5.65326,198110
4494,5.65316,130499
4495,5.65311,1711
4496,5.65307,17971
4497,5.65307,19464
4498,5.65306,150996
4499,5.65297,20074
4500,5.65284,200890
4501,5.65284,172866
4502,5.65268,10668
4503,5.65267,24491
4504,5.65265,60815
4505,5.65259,175541
4506,5.65252,91050
4507,5.6525,105023
4508,5.65235,24270
4509,5.65231,6926
4510,5.65228,134626
4511,5.65221,12367
4512,5.65206,144789
4513,5.65204,94483
4514,5.65198,6646
4515,5.65196,5041
4516,5.65189,5991
4517,5.65189,99132
4518,5.65186,102107
4519,5.65184,13729
4520,5.65173,40213
4521,5.65154,197269
4522,5.65144,22029
4523,5.65131,123408
4524,5.65129,1489
4525,5.65124,37875
4526,5.65117,5965
4527,5.65115,137480
4528,5.6511,197333
4529,5.65105,18615
4530,5.65086,94733
4531,5.65084,15722
4532,5.65084,76810
4533,5.6508,62143
4534,5.65065,199242
4535,5.65058,14017
4536,5.6505,119407
4537,5.65033,216091
4538,5.65032,7718
4539,5.65031,160012
4540,5.65026,62226
4541,5.65023,146922
4542,5.65021,7239
4543,5.65019,16035
4544,5.65012,38707
4545,5.65008,54372
4546,5.65006,303
4547,5.6499,171544
4548,5.64982,5351
4549,5.64958,1416
4550,5.64956,85572
4551,5.64946,363
4552,5.64946,164448
4553,5.64938,94255
4554,5.64931,170041
4555,5.64919,24996
4556,5.64914,103814
4557,5.6491,7451
4558,5.64909,127432
4559,5.64901,97683
4560,5.64897,3340
4561,5.64883,140524
4562,5.64883,177210
4563,5.64867,129951
4564,5.64865,22377
4565,5.64861,24085
4566,5.64854,170223
4567,5.64845,3053
4568,5.64835,191790
4569,5.64833,753
4570,5.64821,1518
4571,5.64815,213370
4572,5.64806,13924
4573,5.64802,18121
4574,5.64799,140865
4575,5.64793,8208
4576,5.64787,378
4577,5.64786,33259
4578,5.64779,4862
4579,5.64778,9833
4580,5.64772,35662
4581,5.6476,3170
4582,5.64757,22947
4583,5.6475,189351
4584,5.64719,18401
4585,5.64714,31612
4586,5.64705,3163
4587,5.64703,23311
4588,5.64702,144223
4589,5.64699,31821
4590,5.64693,6555
4591,5.64691,198985
4592,5.64687,993
4593,5.64686,3365
4594,5.64676,82610
4595,5.64674,2368
4596,5.64673,3316
4597,5.64668,24771
4598,5.64666,3706
4599,5.64653,134524
4600,5.6465,153113
4601,5.64648,174926
4602,5.64641,3572
4603,5.64641,126274
4604,5.64637,104498
4605,5.64636,156737
4606,5.64634,99655
4607,5.64629,31443
4608,5.64626,203655
4609,5.64623,268
4610,5.64618,148759
4611,5.64617,2135
4612,5.64615,183264
4613,5.64603,107638
4614,5.64588,1726
4615,5.64586,134637
4616,5.64579,71676
4617,5.64579,9629
4618,5.64578,172994
4619,5.64558,127275
4620,5.6455,1160
4621,5.64542,8285
4622,5.64529,124356
4623,5.64528,910
4624,5.64524,2494
4625,5.64519,86406
4626,5.64499,25242
4627,5.64492,91739
4628,5.64483,215471
4629,5.6448,170951
4630,5.64472,5060
4631,5.64466,13230
4632,5.64457,216092
4633,5.64457,111172
4634,5.64447,29656
4635,5.64447,1879
4636,5.64439,162476
4637,5.64438,194081
4638,5.64432,4287
4639,5.64416,56835
4640,5.64413,85609
4641,5.64409,179661
4642,5.644,151310
4643,5.64395,5549
4644,5.64395,8976
4645,5.64392,127438
4646,5.6439,27380
4647,5.64383,161995
4648,5.64375,192508
4649,5.64369,23055
4650,5.64365,52
4651,5.64364,5718
4652,5.64364,4342
4653,5.64356,11929
4654,5.64355,29026
4655,5.64353,46669
4656,5.6435,1508
4657,5.64349,11385
4658,5.64347,177857
4659,5.64343,7753
4660,5.64339,20590
4661,5.64326,72848
4662,5.64309,103666
4663,5.643,7109
4664,5.64299,17382
4665,5.64298,104627
4666,5.64296,88559
4667,5.64295,4291
4668,5.64283,63385
4669,5.64272,80933
4670,5.64255,63778
4671,5.64253,59335
4672,5.64252,34001
4673,5.6425,3050
4674,5.64247,1997
4675,5.64238,190017
4676,5.64233,271
4677,5.64224,155119
4678,5.64219,182385
4679,5.64218,151683
4680,5.64217,148767
4681,5.64204,13875
4682,5.64194,497
4683,5.6419,179217
4684,5.64188,192656
4685,5.64183,72799
4686,5.64173,146207
4687,5.64166,193212
4688,5.64166,75360
4689,5.64145,24157
4690,5.64141,41493
4691,5.64134,4270
4692,5.64116,13520
4693,5.64101,3567
4694,5.6409,771
4695,5.64085,46410
4696,5.64078,178209
4697,5.64058,193485
4698,5.64046,2478
4699,5.64034,369
4700,5.64031,26961
4701,5.64029,81850
4702,5.64026,149169
4703,5.64021,724
4704,5.64015,75957
4705,5.64009,165347
4706,5.64006,2132
4707,5.64003,1245
4708,5.64003,10986
4709,5.64003,132799
4710,5.63995,28436
4711,5.6399,176589
4712,5.63984,4975
4713,5.63983,192735
4714,5.63962,19665
4715,5.63953,13314
4716,5.63945,42112
4717,5.63939,11438
4718,5.63938,17859
4719,5.6393,124044
4720,5.63922,23828
4721,5.6392,6584
4722,5.63919,182260
4723,5.63917,2881
4724,5.63907,205078
4725,5.63906,34276
4726,5.63903,41243
4727,5.63902,128114
4728,5.63902,4207
4729,5.639,27451
4730,5.639,17204
4731,5.63884,140279
4732,5.6388,1844
4733,5.63878,174802
4734,5.63877,201920
4735,5.63872,184145
4736,5.63872,31075
4737,5.63864,164775
4738,5.63852,166418
4739,5.63851,19081
4740,5.63848,139629
4741,5.63847,115105
4742,5.63846,29199
4743,5.63846,20044
4744,5.63845,23878
4745,5.63842,19969
4746,5.63828,183959
4747,5.63821,13455
4748,5.6382,64675
4749,5.63816,607
4750,5.63814,99081
4751,5.63808,33159
4752,5.63806,119464
4753,5.63797,150580
4754,5.63791,9476
4755,5.6379,155322
4756,5.63776,540
4757,5.63774,147474
4758,5.63767,30991
4759,5.63767,156474
4760,5.63766,120305
4761,5.63758,189056
4762,5.63751,5559
4763,5.63746,6929
4764,5.63745,135840
4765,5.63743,514
4766,5.63739,161537
4767,5.63737,93537
4768,5.63732,1475
4769,5.63732,158886
4770,5.63731,154498
4771,5.63727,41763
4772,5.63722,114991
4773,5.63721,154560
4774,5.63717,180345
4775,5.63713,147030
4776,5.63712,76728
4777,5.63712,28678
4778,5.63709,83157
4779,5.63708,38944
4780,5.63707,15386
4781,5.63706,5228
4782,5.63703,4009
4783,5.63699,18333
4784,5.63698,982
4785,5.63694,208766
4786,5.6369,193238
4787,5.6369,193213
4788,5.6369,31968
4789,5.63689,26147
4790,5.63685,28828
4791,5.63669,38764
4792,5.63664,210271
4793,5.63653,168582
4794,5.63643,126426
4795,5.63642,174298
4796,5.63639,8722
4797,5.63637,161138
4798,5.63632,10149
4799,5.63627,160606
4800,5.63626,56241
4801,5.63624,166726
4802,5.63623,89403
4803,5.63613,180921
4804,5.63611,2133
4805,5.63603,1912
4806,5.63595,183949
4807,5.63592,2344
4808,5.63583,12266
4809,5.63574,19212
4810,5.63573,170799
4811,5.63569,175324
4812,5.63568,6504
4813,5.63566,191932
4814,5.63563,5826
4815,5.63561,6540
4816,5.63558,2212
4817,5.63544,6608
4818,5.63535,43530
4819,5.63535,153225
4820,5.63531,129615
4821,5.6353,109801
4822,5.63521,174611
4823,5.6352,30179
4824,5.63518,192906
4825,5.63517,2339
4826,5.63513,38923
4827,5.63511,723
4828,5.63507,10520
4829,5.63496,13995
4830,5.63485,12608
4831,5.63482,2994
4832,5.63474,96345
4833,5.63474,5235
4834,5.63462,2884
4835,5.63446,164031
4836,5.63445,113931
4837,5.63438,94734
4838,5.63435,198836
4839,5.6343,163048
4840,5.63424,153004
4841,5.63423,150930
4842,5.63419,2641
4843,5.6341,128475
4844,5.63397,11038
4845,5.63377,202207
4846,5.63359,130999
4847,5.63358,168512
4848,5.63355,34284
4849,5.6335,11093
4850,5.63341,207338
4851,5.63337,3237
4852,5.63327,135530
4853,5.63322,104655
4854,5.63322,4934
4855,5.63321,7537
4856,5.63321,29030
4857,5.63314,26952
4858,5.63308,7994
4859,5.63303,63928
4860,5.63292,129904
4861,5.63287,5014
4862,5.63284,9918
4863,5.63283,157521
4864,5.63278,158356
4865,5.63278,144468
4866,5.6327,210101
4867,5.6325,52825
4868,5.63246,26736
4869,5.63246,10244
4870,5.63244,43845
4871,5.63238,3466
4872,5.63237,14452
4873,5.63234,42688
4874,5.63229,216597
4875,5.63222,3262
4876,5.6322,164655
4877,5.63219,16444
4878,5.63208,3071
4879,5.63206,4362
4880,5.63202,332
4881,5.63201,26859
4882,5.63171,116046
4883,5.63167,7365
4884,5.63159,449
4885,5.63159,4386
4886,5.63146,173291
4887,5.6314,194392
4888,5.63133,136416
4889,5.6313,169375
4890,5.63126,6976
4891,5.63125,16538
4892,5.63124,29078
4893,5.63123,93001
4894,5.63115,21182
4895,5.63113,72941
4896,5.63111,11091
4897,5.63106,167292
4898,5.63104,9855
4899,5.63098,35179
4900,5.63096,144709
4901,5.63085,4604
4902,5.63074,183150
4903,5.63067,12747
4904,5.63064,206206
4905,5.63063,9092
4906,5.63061,5482
4907,5.63061,5485
4908,5.63054,40561
4909,5.63054,179547
4910,5.63054,10323
4911,5.63046,85567
4912,5.6304,43245
4913,5.63032,7420
4914,5.63024,96310
4915,5.63013,673
4916,5.63003,211
4917,5.63002,7989
4918,5.62999,67436
4919,5.62993,198138
4920,5.62993,17397
4921,5.62985,3600
4922,5.62967,163771
4923,5.62965,186020
4924,5.62955,2995
4925,5.6295,188181
4926,5.62949,156945
4927,5.62941,147505
4928,5.62936,1251
4929,5.62934,35472
4930,5.62926,147790
4931,5.62925,136146
4932,5.62924,73960
4933,5.62924,1163
4934,5.62922,4278
4935,5.62912,172162
4936,5.62906,4330
4937,5.62893,12253
4938,5.62888,94724
4939,5.62881,148264
4940,5.62877,3231
4941,5.62873,158882
4942,5.62873,140613
4943,5.62862,26162
4944,5.62861,114261
4945,5.6286,209166
4946,5.6285,6641
4947,5.62842,21324
4948,5.62835,186302
4949,5.6283,165959
4950,5.62824,156482
4951,5.62813,205308
4952,5.6281,192274
4953,5.62801,401
4954,5.62798,14940
4955,5.62789,2192
4956,5.62783,130908
4957,5.62778,142265
4958,5.62775,85245
4959,5.62766,13976
4960,5.62765,67426
4961,5.62764,18961
4962,5.62762,142451
4963,5.6276,83092
4964,5.62759,42131
4965,5.62756,37982
4966,5.62754,89951
4967,5.62752,22940
4968,5.62751,172542
4969,5.62744,149130
4970,5.62744,18296
4971,5.62743,7064
4972,5.62739,149863
4973,5.62732,35453
4974,5.62728,1784
4975,5.62725,97332
4976,5.62724,209289
4977,5.62719,26906
4978,5.62708,58625
4979,5.62707,178754
4980,5.62705,13933
4981,5.62703,14701
4982,5.62697,938
4983,5.62693,9135
4984,5.62691,137933
4985,5.62687,6558
4986,5.62676,4241
4987,5.62674,6544
4988,5.62669,155411
4989,5.62655,72448
4990,5.62653,132416
4991,5.62649,3637
4992,5.62645,203719
4993,5.62644,86167
4994,5.62641,70324
4995,5.62639,41372
4996,5.62636,4961
4997,5.6263,125675
4998,5.62629,585
4999,5.62627,159405
